v 7.695038 0.070244 -0.174573
v 7.721254 0.273347 -0.202340
v 7.728817 0.285236 -0.154133
v 7.675474 0.275434 -0.166609
v 7.618813 0.048146 -0.225159
v 7.572502 0.197731 -0.237351
v 7.651227 0.231189 -0.245467
v 7.532909 0.086899 -0.249279
v 7.497098 0.201304 -0.287340
v 7.505323 0.200656 -0.239776
v 7.393835 0.209736 -0.289129
v 7.446613 0.067590 -0.263657
v 7.448976 0.211886 -0.226951
v 7.339191 0.074207 -0.279576
v 7.301764 0.210459 -0.278558
v 7.243621 -0.010603 -0.290405
v 7.272851 0.200417 -0.340381
v 7.206669 0.270232 -0.236412
v 7.193273 0.205355 -0.301393
v 7.154140 -0.029056 -0.306321
v 7.091671 0.196995 -0.361922
v 7.067906 0.213379 -0.272116
v 7.046377 -0.049873 -0.334301
v 6.979652 0.182743 -0.357330
v 7.668622 0.249152 0.034560
v 7.694983 0.069290 0.017477
v 7.732059 0.284593 0.009550
v 7.691601 0.282761 -0.016055
v 7.618750 0.047931 0.066929
v 7.649692 0.230409 0.089814
v 7.575077 0.201141 0.064655
v 7.549106 0.195490 0.119435
v 7.532909 0.086898 0.090853
v 7.490296 0.200946 0.113793
v 7.446613 0.067590 0.105232
v 7.448290 0.216375 0.067652
v 7.395341 0.212339 0.116078
v 7.339191 0.074207 0.121151
v 7.321726 0.216524 0.091549
v 7.303375 0.204163 0.148236
v 7.079176 0.202796 0.158458
v 7.183204 0.222336 0.110209
v 7.152757 -0.027732 0.150306
v 6.963962 0.170338 0.246214
v 7.045748 -0.050689 0.175505
v 6.975749 0.189938 0.157323
v 6.920084 -0.070572 0.190757
v 6.897329 0.208370 0.100319
v 7.742081 0.291760 -0.039617
v 7.708679 0.114631 -0.033327
v 7.546800 -0.625897 -0.193891
v 7.461801 -0.733981 -0.201456
v 7.529941 -0.795116 -0.167967
v 7.420879 -0.737850 -0.255074
v 7.476657 -0.540116 -0.218054
v 7.363121 -0.696432 -0.201901
v 7.403066 -0.491599 -0.232820
v 7.271430 -0.673677 -0.225078
v 7.244787 -0.346527 -0.265057
v 7.190198 -0.627401 -0.231925
v 7.205540 -0.639149 -0.306746
v 7.104024 -0.549456 -0.258014
v 7.139980 -0.291194 -0.277137
v 7.001604 -0.491231 -0.266457
v 6.879804 -0.380081 -0.361125
v 6.837546 -0.313541 -0.322567
v 6.928133 -0.198223 -0.317503
v 6.903180 -0.413842 -0.284370
v 7.546800 -0.625895 0.029972
v 7.470308 -0.758668 0.009187
v 7.465917 -0.735754 0.046183
v 7.403066 -0.491599 0.068865
v 7.272129 -0.669221 0.064007
v 7.365560 -0.708278 0.095181
v 7.300745 -0.458225 0.084783
v 7.204257 -0.636834 0.142485
v 7.190428 -0.626992 0.067840
v 7.139980 -0.291194 0.113182
v 7.006303 -0.490455 0.153879
v 7.102009 -0.557040 0.131482
v 7.062720 -0.247750 0.138077
v 6.935542 -0.473079 0.079892
v 6.903618 -0.409393 0.136012
v 6.927963 -0.197027 0.154642
v 6.879605 -0.380133 0.197415
v 6.839740 -0.314613 0.144295
v 1.896989 -0.805775 -1.443972
v 1.264217 0.531331 -1.581040
v 2.549657 -0.280889 -1.495283
v 7.226997 0.748695 -0.130145
v 7.777593 0.705562 -0.074170
v 7.662652 0.761185 -0.240295
v 7.754569 0.594653 -0.160092
v 7.597558 0.590085 -0.181218
v 7.624160 0.482121 -0.331869
v 7.567266 0.651383 -0.318772
v 7.691676 0.506937 -0.251679
v 7.656819 0.323440 -0.448277
v 7.577914 0.204876 -0.418898
v 7.282184 0.269905 -0.510695
v 1.922963 -1.792870 -0.729379
v 2.617984 -1.160975 -0.975631
v 0.955442 -0.702446 -1.390295
v 0.688558 -1.656936 -1.220976
v 0.094047 -1.266517 -1.398264
v 3.515960 0.660209 -0.291619
v 3.688389 0.821130 -0.330690
v 3.710242 0.731997 -0.068605
v -1.161163 -0.945443 -0.924634
v -1.025480 -1.896935 -1.447366
v -1.946738 -2.030279 -0.899291
v -2.152521 -1.981913 -0.954154
v -1.607818 -2.706723 -0.894589
v -2.719664 -2.649144 -0.929651
v -3.672104 -3.421823 -0.751564
v -3.506621 -4.255855 -0.743552
v -4.081703 -3.858499 -0.732828
v -4.798203 -4.954844 -0.496110
v -5.240524 -4.891176 -0.796152
v -4.446328 -4.541142 -0.786516
v -5.312695 -4.979776 -0.683174
v -6.633654 -4.979776 -0.558550
v 0.694555 -2.260257 -1.528686
v 0.834172 -2.542674 -0.653717
v 0.943324 -2.378254 -1.340336
v 0.558472 -3.034987 -1.573266
v -0.038956 -2.033229 -1.718095
v 1.171844 -3.313029 -1.299093
v 0.213736 -3.122968 -1.471867
v 0.176347 -2.856556 -1.504254
v 0.066845 -3.127661 -0.816643
v 0.665941 -3.261248 -0.550266
v 0.580182 -2.868782 -0.462114
v 0.286884 -3.751979 -1.033893
v 0.188179 -3.673120 -1.294316
v 0.066865 -3.783109 -0.683926
v 0.016487 -3.686043 -1.379321
v 6.872304 0.704567 -0.562770
v 6.750239 0.523780 -0.573532
v 6.765801 0.711236 -0.642427
v 3.842758 0.723702 -0.148084
v 4.530102 0.540664 -0.338055
v 4.572357 0.435093 -0.152955
v 4.419393 0.616459 -0.346780
v 4.130513 0.814994 -0.448846
v 4.206335 0.638343 -0.136425
v 4.053631 0.696409 -0.135020
v 5.286220 -0.083097 -0.358500
v 5.241259 -0.173458 -0.108646
v 5.157415 -0.071426 -0.123554
v -0.789608 -0.300920 -0.418351
v -1.021040 -0.376104 -0.118941
v -0.795983 -0.258406 -0.081481
v -0.156170 -4.146140 -1.425981
v -0.409970 -3.405335 -1.364360
v -0.519167 -4.099471 -1.132684
v -0.583716 -3.380088 -1.036540
v 7.542301 -0.884140 -0.301690
v 7.263361 -0.965148 -0.369115
v 6.815749 0.850243 -0.203404
v 7.084688 0.786965 -0.218453
v 6.991973 0.883242 -0.319615
v 7.002738 0.797203 -0.551239
v 7.017966 0.657168 -0.464953
v 7.056775 0.725191 -0.364681
v 6.867038 0.848414 -0.647285
v 6.837752 0.784833 -0.410818
v 7.315677 0.700149 -0.336199
v 6.314236 -0.113274 -0.763437
v 6.418245 0.026012 -0.783391
v 6.451684 -0.088576 -0.594176
v 3.906252 0.910672 -0.549859
v 3.742575 0.941026 -0.607003
v 3.920364 1.115317 -0.645166
v 3.751055 0.990268 -0.546736
v 6.694255 0.873529 -0.738352
v 6.662906 0.871393 -0.482089
v 6.521838 0.687547 -0.751248
v 6.606977 0.901967 -0.819653
v 6.276597 0.344232 -0.679473
v 6.216558 0.486855 -0.759828
v 6.494025 0.573640 -0.756178
v 6.285542 0.844596 -0.804488
v 6.451213 0.874254 -0.902545
v 6.344790 0.638454 -0.790973
v 6.309077 0.868958 -0.929171
v 6.202430 0.618520 -0.845647
v 6.068519 0.835008 -1.003220
v 5.953579 0.743621 -0.845793
v 6.709745 0.988306 -0.373988
v 6.601234 0.928883 -0.197452
v 6.832371 0.836508 -0.092120
v 6.250131 0.960105 -0.278137
v 6.214141 1.039985 -0.190275
v 6.425867 0.959564 -0.142609
v 6.097665 1.049678 -0.853853
v 6.259163 0.937256 -0.637634
v 6.064745 0.872945 -0.756707
v 6.721868 0.030229 -0.539216
v 6.466525 0.113486 -0.348655
v 6.716462 -0.160321 -0.426581
v 6.694852 0.218503 -0.227058
v 6.636494 -0.182752 -0.264259
v 2.904715 -1.320940 -0.237205
v 2.023879 -1.880888 -0.001444
v 0.360702 -2.698421 -0.372642
v 0.744560 -2.280653 -0.262439
v 0.797050 -2.231259 -0.558383
v 0.022781 -2.801462 -0.043225
v -0.079253 -2.829361 -0.371281
v -0.693821 -3.165742 -0.073267
v -0.905824 -2.819883 -0.800371
v 0.281606 1.284295 -0.736833
v 0.642286 1.736527 -0.293599
v 0.799195 1.779570 -0.684926
v -3.189591 -2.707167 -0.711083
v -3.875394 -3.359774 -0.565228
v -3.701386 -2.933513 -0.267686
v -4.334956 -3.621256 -0.574466
v -4.254683 -3.372643 -0.283453
v -4.533585 -3.576373 -0.340862
v -4.376733 -3.440719 -0.083894
v -3.921066 -3.104032 -0.092507
v -3.264784 -2.473099 -0.148080
v -3.193520 -2.162711 -0.078912
v -2.726339 -2.017214 -0.280088
v -4.165916 -2.787784 -0.083360
v -3.663380 -2.099298 -0.080187
v -1.275955 -0.739110 0.098301
v -1.538159 -0.419657 -0.079921
v -1.264082 -0.771216 -0.324769
v -1.713425 -1.144691 -0.357887
v -2.022295 -0.786631 -0.150302
v -1.781788 -1.144663 -0.085430
v -1.884857 -1.286002 -0.351721
v -2.356139 -1.681937 -0.092752
v -2.648147 -1.239873 -0.103891
v -2.242842 -1.581075 -0.297210
v -2.402174 -1.751263 -0.409715
v -3.198477 -1.871963 -0.148346
v -4.583375 -3.146023 -0.166549
v 0.752157 -4.633770 -0.932206
v 4.484886 0.495467 -0.156904
v 6.071411 0.994356 -0.500217
v 6.010406 1.105280 -0.645254
v 5.987063 0.569032 -0.886335
v 6.098060 0.599038 -0.951883
v 7.256479 -1.209498 -0.356439
v 7.652325 -0.925684 -0.104204
v 7.453930 -1.098326 -0.157018
v 7.201925 -0.664446 -0.120378
v 5.962232 1.142628 -0.448798
v 6.004644 1.027706 -0.302192
v 6.571904 1.076970 -0.087239
v 6.042427 1.178149 -0.276339
v 5.851970 0.946588 -0.421663
v 5.859618 1.200349 -0.108453
v 6.641028 0.487260 -0.600753
v 7.806471 0.494721 -0.161277
v 6.030046 0.397852 -0.851675
v 6.097695 0.511696 -0.913357
v 6.600673 0.210368 -0.653106
v 6.379252 0.134066 -0.675204
v 7.357900 0.517061 -0.319809
v 6.111299 0.430226 -0.951036
v 6.073739 0.279917 -0.954511
v 6.092723 0.183995 -0.823188
v 6.136566 0.035808 -0.860147
v 6.124194 0.100192 -0.950361
v 6.310513 0.074804 -0.750959
v 6.944244 0.191647 -0.566545
v 6.854962 0.467456 -0.466307
v 5.910543 0.400231 -0.873544
v 5.958827 0.487150 -0.995906
v 5.909214 0.267201 -0.989455
v 5.834859 0.231027 -0.861047
v 5.938132 0.117495 -0.967633
v 6.765511 0.052711 -0.694277
v 6.474966 0.873663 -0.712911
v 6.646797 0.060816 -0.699082
v 6.538845 0.032562 -0.685686
v 6.872024 -0.376933 -0.466493
v 6.588542 -0.439205 -0.546908
v 6.702624 0.117849 -0.690804
v 6.236196 1.139470 -0.077121
v 6.457559 0.083030 -0.791255
v 6.333206 0.048110 -0.801558
v 6.538209 0.091252 -0.751668
v 6.087804 -0.044349 -0.962192
v 6.122619 -0.272757 -0.791058
v 6.126366 -0.211360 -0.883478
v 5.841397 0.001052 -0.870664
v 5.961697 -0.060213 -0.998865
v 5.897995 -0.126495 -0.868931
v 5.904648 -0.268085 -0.869711
v 6.038809 -0.200109 -0.936992
v 6.403446 -0.333651 -0.686107
v 6.218112 -0.378528 -0.876087
v 6.165717 -0.430446 -0.676037
v 5.939592 -0.463664 -0.823252
v 7.123641 -1.061697 -0.248027
v 7.175350 -1.111924 -0.318169
v 7.252203 -1.094258 -0.255783
v 7.098108 -1.075610 -0.034230
v 7.121932 -1.170486 -0.230761
v 7.232524 -1.095287 -0.074531
v 7.205179 -1.198775 -0.201016
v 6.990565 -1.098932 -0.075947
v 6.998985 -1.049152 -0.227560
v 7.007141 -1.053297 -0.355525
v 6.337988 -0.118932 -0.085516
v 6.275992 0.072122 -0.195581
v 6.227382 0.098169 -0.023391
v 7.223334 0.329723 -0.078254
v 6.981946 -1.017167 -0.139719
v 7.054096 -0.949956 -0.364986
v 6.919036 -0.482246 -0.204891
v 6.984863 -0.934652 -0.383103
v 6.865419 -1.040650 -0.078116
v 6.855383 -0.953283 -0.169384
v 6.881723 -0.891240 -0.329234
v 6.891731 -0.854230 -0.424836
v 6.854592 -0.981517 -0.353170
v 6.862204 -0.951521 -0.014567
v 6.714131 -0.958206 -0.077675
v 6.706708 -0.850067 -0.196581
v 6.695340 -0.837390 -0.473009
v 6.775046 -0.695857 -0.451634
v 6.475918 -0.656435 -0.424400
v 6.575032 -0.704280 -0.531370
v 6.649279 -0.579217 -0.475396
v 6.764072 -0.979160 -0.186170
v 6.599893 -0.877799 -0.241770
v 6.501637 -0.511742 -0.544282
v 6.359651 -0.622925 -0.531175
v 6.366490 -0.591287 -0.214742
v 6.383516 -0.754381 -0.373126
v 6.564266 -0.739751 -0.176652
v 6.616931 -0.501386 -0.600830
v 6.432310 1.058372 -0.640629
v 6.399100 0.926623 -0.447463
v 6.443365 1.077009 -0.340182
v 6.234755 -0.615713 -0.429871
v 6.146914 -0.487189 -0.464691
v 6.312782 -0.558485 -0.380811
v 6.167209 -0.510467 -0.188442
v 5.970845 -0.404534 -0.176186
v 6.405546 -0.471743 -0.777787
v 7.578023 -0.832533 -0.139826
v 7.021471 0.913621 -0.072489
v 6.172951 -0.542859 -0.663068
v 6.014677 -0.496437 -0.619098
v 5.830456 -0.346732 -0.146924
v -1.012865 -0.662258 -0.641668
v -0.653612 0.015328 -0.960573
v 0.299577 1.394863 -0.957776
v 2.858669 2.229332 -0.564283
v 3.065656 2.303123 -0.747340
v 1.871309 1.969702 -0.792200
v 4.162632 2.110056 -0.137819
v 4.030615 2.196550 -0.174362
v 4.036643 2.319829 -0.069237
v 2.345456 2.253780 -0.135441
v 2.418856 2.552002 -0.101026
v 2.624017 2.321630 -0.155683
v 1.077634 1.937705 -0.140792
v 1.109185 2.406791 -0.092806
v 1.176952 2.024820 -0.307229
v 0.740679 1.746274 -0.947387
v 0.675260 1.729805 -0.094514
v 0.107368 1.632363 -0.040086
v -0.498111 0.123274 -0.081525
v -0.722522 0.386289 -0.078960
v -0.478786 0.191211 -0.422922
v -1.126222 0.023101 -0.082082
v -4.811852 -3.709284 -0.313531
v -4.956999 -4.027530 -0.643033
v -5.081319 -3.834456 -0.355727
v -5.224762 -4.022207 -0.441370
v -5.350972 -4.368803 -0.715790
v -5.454290 -4.174850 -0.424020
v -5.682162 -4.321670 -0.474719
v -5.869025 -3.968213 -0.344639
v -6.030854 -4.474813 -0.615750
v -6.098516 -4.397338 -0.366378
v -6.364838 -4.415514 -0.284261
v -7.120719 -4.574386 -0.414932
v -7.205466 -4.446409 -0.198490
v -6.870116 -4.439279 -0.198884
v -7.175443 -4.418005 -0.068552
v -7.539226 -4.499461 -0.224967
v -7.686910 -4.440076 -0.001146
v -7.431687 -4.440722 -0.039623
v -8.315992 -4.461938 -0.124558
v -7.966168 -4.424462 -0.010108
v -8.213118 -4.413918 0.077540
v -8.781460 -4.390045 0.000702
v -8.500408 -4.418093 0.014000
v -8.794059 -4.343709 -0.091511
v -9.096070 -4.448661 0.013840
v -9.571890 -4.318408 0.261667
v -9.564390 -4.057979 0.350989
v -9.028988 -4.347640 0.152735
v 3.410548 1.656926 -1.059626
v 2.275123 1.665160 -1.028371
v 3.104213 1.891366 -0.807746
v 1.166733 1.899654 -0.724628
v 1.424214 1.926050 -0.868545
v 1.195083 1.907540 -0.995353
v 5.587387 0.612849 -0.724674
v 5.538130 0.421102 -0.740665
v 5.520140 0.778372 -0.634776
v 2.304595 0.874985 -1.334917
v 4.036976 1.762192 -0.847931
v 3.940084 1.444194 -0.934505
v 3.645276 1.538356 -1.023090
v 4.394059 1.148879 -0.828402
v 4.603804 1.436284 -0.787108
v 4.779670 0.903875 -0.756851
v 5.140841 1.036157 -0.657925
v 5.152622 0.584216 -0.760852
v 0.637404 2.011297 -2.516376
v 1.593427 0.558183 -1.484538
v -1.996938 2.236774 -1.763478
v -0.940902 -0.364546 -0.952282
v -0.191024 2.362023 -2.453035
v -0.737078 3.226479 -3.771605
v -1.253418 2.951401 -1.973902
v -2.321110 3.830853 -3.478827
v -3.016683 2.337282 -3.377168
v -2.692922 2.409373 -3.674469
v -2.266966 4.049973 -4.118849
v -2.826495 4.674655 -6.449495
v -3.802142 2.989748 -5.354515
v -1.327489 4.858918 -4.847735
v -1.116169 5.006361 -5.566934
v -1.821444 5.045458 -5.554321
v -2.854776 3.256246 -6.046866
v -3.267270 4.563267 -7.939500
v -2.898211 5.238940 -8.565536
v -1.285977 4.214033 -5.848774
v -0.545600 4.792348 -5.523540
v -0.300532 4.237716 -4.930435
v -2.072066 4.435833 -6.301774
v -2.455309 5.827275 -8.698833
v -2.057508 6.052798 -8.494773
v -4.546613 2.654180 -5.613571
v -3.910498 2.389150 -4.958181
v -3.188643 5.951099 -7.570733
v -3.578667 5.243080 -7.842374
v -3.892146 4.243759 -6.932653
v -1.870245 6.449412 -8.631681
v -1.999107 6.789578 -9.187316
v -3.837530 2.581564 -6.223217
v -4.729155 2.192602 -6.414500
v -3.852231 4.642470 -7.577138
v -5.016545 3.297702 -7.023596
v -4.822199 2.662198 -6.403851
v -3.788132 5.468188 -8.082142
v -2.774733 6.302549 -7.513353
v -3.138463 6.255034 -8.173586
v -4.162647 5.908492 -8.885714
v -4.801575 5.570229 -9.133413
v -6.315552 4.192020 -9.030243
v -2.655428 6.555126 -9.655375
v -5.605017 3.079141 -7.621483
v -5.881675 1.524784 -6.203346
v -4.621887 4.734086 -8.560467
v -3.884096 5.002318 -9.360928
v -4.324484 5.142310 -9.775547
v -3.359953 6.322731 -10.101700
v -7.162588 1.529642 -8.039225
v -7.097570 2.249107 -8.989508
v -4.322050 4.520110 -8.809914
v -3.658530 5.119379 -9.064818
v -5.379758 4.226975 -8.706649
v -3.326735 7.065439 -9.979768
v -2.810495 7.358727 -9.263499
v -4.853395 5.117080 -9.883118
v -4.612787 6.011075 -10.836760
v -6.454184 4.636485 -9.729256
v -7.494543 4.088040 -9.948723
v -10.080200 1.084848 -9.300239
v -10.742940 0.528692 -10.303370
v -9.615576 1.481604 -9.445747
v -9.797417 1.975703 -9.616463
v -10.188360 2.444808 -10.103990
v -10.502870 1.765144 -10.078090
v -7.212645 4.666796 -10.058980
v -8.281179 4.097443 -10.140730
v -8.478159 2.300870 -8.800383
v -6.991205 6.257664 -11.480270
v -7.594337 5.350120 -11.192810
v -5.576481 6.151103 -10.395690
v -5.789835 5.421824 -9.814175
v -9.258169 1.506549 -8.492790
v -5.712289 4.796780 -10.438160
v -5.666845 5.837813 -11.408520
v -6.981110 4.871004 -11.207060
v -7.683114 5.612465 -12.718530
v -9.955242 2.180731 -11.348160
v -9.295319 3.204021 -11.564950
v -8.703732 3.222485 -10.984000
v -8.168119 4.945272 -11.036260
v -9.161159 4.292702 -11.026590
v -10.320730 2.980189 -10.891950
v -10.382580 3.892792 -12.773960
v -11.142710 3.923124 -13.580790
v -12.228870 2.781857 -13.910190
v -10.512890 3.694270 -14.075670
v -10.023280 4.668873 -13.790310
v -9.461440 4.864001 -13.434610
v -9.481223 5.094630 -13.529910
v -8.797806 4.758993 -12.202040
v -11.274590 0.151753 -11.216990
v -11.913200 0.436243 -12.287300
v -10.819620 0.804521 -11.389860
v -10.792640 2.689441 -12.361030
v -11.845180 0.879413 -12.250740
v -6.303998 6.595403 -11.682840
v -8.955001 5.981164 -13.171960
v -9.206114 4.496726 -11.586700
v -9.359238 5.213919 -12.417020
v -7.714176 3.243443 -9.811295
v -6.304834 4.261792 -9.955219
v -2.331091 3.406680 -4.727927
v -3.093236 2.482251 -5.325072
v -1.466131 2.408480 -2.395459
v -2.045181 2.987096 -3.474775
v -1.426412 2.562974 -2.513219
v -0.229462 -0.056316 -1.402179
v 0.515898 0.687103 -1.444673
v -11.701730 3.226814 -14.302000
v -11.145510 3.009683 -14.328830
v -13.239210 0.632807 -14.844820
v -12.837900 -0.174400 -13.270170
v -13.344020 -0.147847 -13.648390
v -13.328630 -0.643517 -13.638410
v -11.421140 0.481831 -11.143340
v -9.301911 0.180689 -8.302148
v -9.367270 -0.427481 -7.853457
v -9.584600 0.680024 -8.090082
v -5.083974 1.083677 -4.275250
v -4.199813 0.829024 -3.772186
v -3.368250 2.114052 -3.620514
v -13.095740 0.124809 -14.833410
v -13.872920 -1.408851 -14.520510
v -9.757286 5.375495 -13.431730
v -10.166500 4.882707 -13.589990
v -9.868876 5.266331 -13.134250
v -11.405930 -0.359555 -10.844170
v -11.289200 -0.340430 -10.693260
v -11.550780 -0.572727 -10.637110
v -13.043980 0.028758 -14.154250
v -11.534190 0.804706 -12.193960
v -10.755910 0.964537 -10.089760
v -8.909955 0.526213 -7.642314
v -8.028551 0.934237 -8.077387
v -8.812910 1.080662 -8.919258
v -6.436145 2.693662 -8.201699
v -7.144109 1.154315 -7.405958
v -5.907813 0.873532 -6.432592
v -6.411552 0.897331 -6.940468
v -5.950755 1.935639 -7.671264
v -4.920481 1.838970 -6.109612
v -6.247314 0.701188 -5.992342
v -6.432936 0.153828 -5.894137
v 5.450157 0.501176 -0.966058
v 5.638080 0.211482 -0.800485
v 5.625587 0.049369 -1.097777
v 5.467010 0.156354 -1.199801
v 5.397526 0.101741 -1.132152
v 5.629485 0.021507 -0.691109
v -2.216140 8.427156 -10.142800
v -2.799603 8.721732 -10.762370
v -2.585108 8.755200 -10.019790
v -2.790225 8.594579 -9.982077
v -2.949898 8.659852 -10.733110
v -2.701108 8.145350 -10.178600
v -2.400505 8.656113 -9.538295
v 5.623899 -0.117368 -0.950925
v 5.599375 -0.156712 -0.858031
v 5.741632 -0.144943 -0.728422
v 5.235151 0.783272 -0.930781
v 5.060370 0.568752 -1.045047
v 5.577043 0.764607 -0.917134
v 4.692004 0.875585 -1.209432
v 4.676668 0.841221 -1.288527
v 6.899847 -1.048605 -0.186142
v 6.020705 -0.497166 0.458806
v 5.806159 -0.309857 0.491751
v 5.766325 -0.321499 0.026309
v 7.537205 -0.814289 -0.117568
v 7.559900 -0.827434 -0.053697
v 5.325315 0.241832 -1.235114
v 5.767505 0.569761 -1.043661
v 5.309755 0.756955 -1.114362
v 5.194147 0.551385 -1.147027
v 6.547926 -0.870012 -0.081079
v 6.701976 -0.851003 0.023757
v 5.899094 -0.375901 -0.059012
v 5.874372 -0.512518 -0.077765
v 5.792140 -0.302121 -0.587496
v 5.409658 0.043959 -0.568901
v -6.175131 5.715022 -10.177340
v -3.245035 5.964026 -8.121689
v 1.053022 1.917268 -1.179130
v 0.384264 3.068919 -2.072193
v 1.590917 0.698876 -1.564863
v -5.279546 -4.011431 -0.255250
v -5.520393 -3.731155 -0.351477
v -5.691420 -4.302318 -0.280157
v -6.435463 -4.128592 -0.241369
v -7.441226 -4.162979 -0.083297
v -8.040426 -4.146756 -0.004318
v 5.408597 -0.031986 -0.622410
v 5.441039 0.222370 -0.710667
v 5.157275 -0.002012 -0.324887
v 5.048974 0.065318 -0.366379
v 0.241964 -4.685428 -0.974302
v -0.377817 -4.077477 -0.873405
v -0.173148 0.669329 -0.090868
v -0.168297 0.666539 -0.295522
v -0.304623 0.995879 -0.069440
v 0.137603 1.161618 -0.039811
v 0.157411 1.149165 -0.277686
v 0.051928 1.557596 -0.124093
v 0.749573 1.854307 -0.224717
v 1.555026 2.254251 -0.027929
v 1.516633 2.477835 -0.084065
v 1.632021 2.232573 -0.263054
v 2.369930 2.256735 -0.255317
v 2.773389 2.250633 -0.084075
v 2.865279 2.512858 -0.086158
v 2.867307 2.267302 -0.210316
v 3.888486 2.179969 0.007849
v 3.710824 2.260339 -0.195367
v 3.629892 2.417783 -0.081787
v 4.600141 1.762309 -0.024453
v 4.706532 1.903798 -0.081521
v 4.702004 1.748273 -0.159162
v 4.513248 1.847503 -0.142507
v -8.724843 -4.361155 0.139930
v -9.074472 -4.150840 0.169104
v 0.570849 -4.560470 -0.847280
v 0.702064 -4.979776 -0.554704
v 0.730047 -4.979776 -0.546732
v 0.763618 -4.935832 -0.563913
v 0.426248 -4.971739 -1.137223
v 0.453056 -4.979776 -1.103539
v 0.612804 -4.979776 -0.821071
v 0.711546 -4.883949 -1.369248
v 0.772098 -4.979776 -1.310018
v 0.455585 -4.979776 -1.144910
v 1.160781 -4.684633 -1.223528
v 1.358211 -4.680144 -1.511748
v 0.611640 -4.979776 -0.677143
v 1.613416 -4.920512 -1.498357
v 1.812678 -4.978211 -1.309487
v 1.388448 -4.907153 -1.242748
v 1.518239 -4.622283 -0.641608
v 1.631188 -4.677402 -0.839608
v 1.018152 -4.673063 -0.937310
v 1.634772 -4.979776 -1.485941
v 1.464690 -4.838329 -0.653193
v 1.720238 -4.979775 -0.784527
v 1.614447 -4.979776 -0.679473
v 1.964919 -4.979776 -0.687993
v 1.846665 -4.711346 -0.949091
v 2.152883 -4.979776 -1.021309
v 2.146411 -4.979776 -1.121989
v 1.829415 -4.708749 -1.210721
v 1.770030 -4.915722 -0.967886
v 1.809019 -4.979776 -0.995074
v 3.484898 2.230441 -0.987430
v 2.427044 2.061397 -1.033019
v 2.311744 2.190548 -0.859178
v 1.825673 2.168766 -1.041114
v 1.527991 2.120411 -1.089906
v -2.654559 -2.091784 -0.714224
v -2.578574 -1.907052 -1.206313
v -3.002334 -2.305924 -1.045859
v -1.554956 -0.989478 -1.061650
v -2.096896 -1.515398 -0.686296
v -1.813498 -1.216519 -1.077450
v -2.364596 -1.690463 -1.002060
v 5.487203 1.277990 -0.455587
v 5.605854 1.464538 -0.265900
v 5.720385 1.023044 -0.414083
v 4.338724 1.979704 -0.162866
v 4.452495 2.355976 -0.391300
v 4.207315 2.518502 -0.415590
v 4.463984 1.804031 -0.601621
v 4.635634 2.010239 -1.033008
v 4.495597 1.998224 -0.892302
v 0.759187 2.189603 -0.548261
v 4.017068 0.942398 -0.543027
v 4.019987 0.818298 -0.533186
v 4.298006 0.855979 -0.520170
v 4.272031 0.704763 -0.447969
v 4.140148 0.733595 -0.495636
v 4.546634 0.686714 -0.465353
v -9.852942 -4.228334 0.417074
v -9.774044 -4.265069 0.212866
v -10.284210 -4.190855 0.386759
v -3.233272 -2.530868 -1.094161
v -2.966952 -2.338282 -1.125268
v -3.949270 -3.385724 -0.815751
v -3.758238 -3.084645 -0.951685
v -6.784566 -4.745248 -0.590585
v -6.827240 -4.490724 -0.655740
v -6.625489 -4.515037 -0.635729
v -8.112082 -4.469416 -0.325169
v -8.409619 -4.352452 -0.233112
v -9.098995 -4.373114 -0.164440
v -9.456113 -4.207385 0.106437
v -7.619910 -4.419237 -0.351114
v -7.839966 -4.475110 -0.466233
v -7.156474 -4.458482 -0.549737
v -7.272728 -4.462619 -0.502624
v -5.545576 -4.328649 -0.822638
v -3.677645 -2.956234 -0.874201
v -3.846146 -3.046903 -0.835901
v -8.674871 -4.880680 -0.166145
v -9.887337 -4.703379 0.341402
v -9.946241 -4.586263 0.234020
v -9.853195 -4.333641 0.169546
v -10.037970 -4.061162 0.033467
v -1.479584 -1.335518 -0.943223
v -1.558422 -1.146039 -1.264394
v 0.743496 -4.680037 -1.164227
v -0.461820 -1.298564 -1.371297
v -2.332960 -1.774155 -1.285861
v -1.451499 -3.346036 -0.082371
v -1.432364 -3.088334 -0.734454
v -2.676970 -1.794244 -1.541466
v -2.892055 -4.120777 -0.012074
v -2.929277 -4.040464 -0.519200
v -2.562248 -3.476600 -0.906396
v -3.327169 -3.222272 -0.858692
v -4.258605 -3.563040 -0.839665
v -4.197260 -3.428910 -0.696260
v -4.058190 -4.517879 -0.498738
v -4.058955 -4.592660 -0.189297
v -5.067725 -4.066515 -0.847066
v -5.299947 -3.858678 -0.944410
v -4.951047 -3.910983 -0.814567
v -5.766295 -4.381213 -0.808616
v -5.300910 -4.464303 -0.816378
v -6.146940 -4.481096 -0.720704
v -6.870736 -4.979776 -0.519975
v -6.314802 -4.411922 -0.665223
v -6.406726 -4.277398 -0.772774
v -6.882805 -4.979776 -0.519807
v -6.913505 -4.979776 -0.514091
v -7.558478 -4.540117 -0.492398
v -7.872883 -4.281771 -0.539685
v -8.785997 -4.962751 0.198197
v -8.702735 -4.979776 0.152880
v -8.703142 -4.979776 0.191217
v -8.306463 -4.519638 -0.302654
v -8.683239 -4.446393 -0.217258
v -9.364157 -4.358897 -0.038571
v 5.777080 0.735801 -0.687106
v 5.586855 1.252579 -0.914740
v 5.513927 1.163524 -0.495149
v 5.061280 1.429781 -0.547708
v 5.609023 1.288769 -0.178906
v 5.004360 1.596658 -0.108481
v 5.249619 1.474956 -0.069295
v 5.482505 1.101922 -0.806822
v 5.394977 1.420937 -1.005390
v 5.492613 1.249133 -0.745053
v 4.949557 1.664484 -0.827840
v 4.843764 1.642106 -0.941094
v 4.732872 1.878127 -0.940540
v 5.219651 1.527834 -0.744560
v 5.367046 1.308086 -0.764145
v 5.266781 1.480204 -0.982447
v 3.460494 2.275762 -0.515888
v 4.038912 2.039376 -0.614072
v 3.346033 2.715804 -0.485815
v 3.478999 2.902972 -0.526016
v 3.619820 2.519594 -0.585999
v 2.743779 2.715248 -0.515772
v 2.910153 2.612311 -0.515144
v 3.838066 2.247172 -0.859626
v 3.636532 2.333761 -0.878312
v 2.865045 2.670900 -0.361425
v 2.422894 2.475238 -0.587996
v 2.339629 2.697861 -0.479622
v 2.433281 2.485378 -0.390859
v 1.830735 1.996150 -0.634137
v 1.921039 2.446618 -0.582590
v 2.755927 2.431752 -0.980081
v 2.624326 2.298735 -0.890102
v 1.999013 2.123080 -0.944032
v 4.249458 1.247913 -0.850972
v 3.443686 2.352008 -0.880180
v 2.095344 2.049378 -1.150774
v 1.759791 2.311229 -1.205284
v 1.668079 2.032234 -1.226521
v 1.516400 2.238847 -1.261767
v -7.271238 -4.477911 -0.560742
v -9.638496 -4.510886 0.137237
v -1.029600 -0.496523 -1.092313
v 1.303916 1.937819 -1.216618
v 1.197131 2.153819 -1.195390
v 1.439897 2.004516 -1.185378
v 5.791608 1.394289 -0.222621
v 4.853592 0.781596 -1.283764
v 5.475152 1.769797 -0.361894
v 5.386333 1.650133 -0.293650
v 5.111261 2.059569 -0.386913
v 4.790838 2.255663 -0.372726
v 5.033008 2.035801 -0.363427
v 4.792038 2.259674 -0.509223
v 5.008153 1.728140 -0.989330
v 5.028919 1.504637 -0.914523
v 4.499631 0.921673 -0.758137
v 4.498805 1.821872 -0.470120
v 4.858803 1.578536 -0.422932
v 4.641359 2.320366 -0.424384
v 4.640383 1.681297 -0.967833
v 4.303080 1.975520 -1.003585
v 4.440531 1.876869 -0.996449
v 4.286935 2.371922 -0.508374
v 4.229047 1.975156 -0.483247
v 4.241601 2.184963 -0.080448
v 4.067468 1.342325 -0.888212
v 4.411254 2.093636 -1.082650
v 4.063492 2.189133 -0.857072
v 4.136739 2.211717 -1.060316
v 3.994660 2.050646 -0.981852
v 3.881836 2.327129 -1.119551
v 3.774482 2.119512 -1.010323
v 3.890925 2.601740 -0.464372
v 3.738815 2.825826 -0.510470
v 3.599701 2.452698 -1.128280
v 3.180653 2.325114 -0.841787
v 2.986603 2.234102 -0.823026
v 3.099769 0.959588 -1.076226
v 2.887375 1.173637 -1.199384
v 3.617192 1.133780 -0.755616
v 3.270961 2.542668 -1.073372
v 3.092540 2.193971 -0.939031
v 3.412802 0.461927 -0.471162
v 3.342027 0.818585 -0.810044
v 3.184274 2.326094 -0.152784
v 3.043081 2.471171 -1.001470
v 2.235497 2.440606 -0.471597
v 3.271714 -0.600744 -0.327325
v 3.313123 -0.570650 -0.074551
v 2.374059 2.376855 -1.034065
v 2.109075 2.367572 -1.045979
v 1.737003 2.454688 -0.384912
v 1.850741 2.687163 -0.473436
v 1.892042 2.208919 -0.249036
v 2.001839 2.464362 -0.380084
v 1.968395 2.376632 -0.131856
v 2.977762 -0.691028 -0.900224
v 2.945664 -0.008070 -1.242454
v 2.237145 0.209247 -1.624757
v 1.863057 2.094373 -1.239944
v -0.915331 -0.577530 -1.219785
v 1.124858 2.415032 -0.508560
v 1.519104 2.494393 -0.647979
v 1.171315 2.456342 -0.682907
v 1.927936 1.349775 -1.264330
v 1.509088 2.150512 -0.267784
v -3.399611 1.404608 -4.595092
v -3.427866 4.465256 -8.410271
v -7.809644 1.977077 -9.252606
v -11.398420 -0.288653 -10.686970
v -12.351540 1.020421 -13.055020
v -13.770190 0.423772 -14.220940
v -14.153380 -1.320563 -14.422900
v -14.097500 -1.801308 -14.101320
v -5.262825 1.419574 -5.705107
v -9.485864 -0.334488 -7.756813
v 1.427867 1.796886 -1.325807
v 1.941979 1.555658 -1.099416
v -10.274310 4.795239 -13.374750
v -2.390089 7.261703 -8.052745
v -3.031708 7.107986 -9.271052
v 0.926272 2.521931 -0.669999
v 3.622832 2.617328 -0.332309
v 4.211522 2.658926 -0.541542
v 4.111880 2.489297 -0.551904
v 4.526860 2.465941 -0.493794
v -2.877791 2.966076 -3.346333
v -3.021383 3.321652 -4.463727
v 0.075692 3.603799 -3.775096
v -0.656351 4.007761 -3.409422
v -1.759520 4.761008 -4.910176
v -3.498255 1.397392 -3.549658
v -1.877095 -1.190460 -1.528680
v -3.422215 -2.395392 -1.412447
v -4.516874 -3.558157 -0.810338
v -4.691229 -3.391056 -0.927810
v -5.775562 -4.342313 -0.773056
v -5.911906 -4.178746 -0.880373
v -6.590261 -4.537291 -0.496601
v -7.362474 -4.308598 -0.627207
v -8.448965 -4.178657 -0.391984
v -9.130589 -4.146794 -0.240052
v -9.527678 -4.202030 0.060971
v -10.016300 -4.254496 0.166883
v -10.438220 -4.393414 0.411552
v -10.864060 -4.302720 0.289354
v -10.601030 -4.394141 0.687240
v -11.070780 -4.089328 0.884162
v -10.739980 -4.269087 0.404098
v -12.357390 -2.858143 2.315039
v -12.181900 -2.739728 2.157923
v -12.140010 -3.185913 2.001277
v -10.999620 -4.191230 0.559557
v -11.154930 -4.090802 0.653160
v -11.468300 -3.971349 0.909586
v -11.920710 -2.952787 1.865526
v -11.906700 -2.882831 1.814407
v -11.702130 -3.713258 1.600557
v -11.843380 -3.574175 1.602588
v -11.574100 -3.835879 1.115836
v -11.695260 -3.598483 1.809561
v -12.171040 -3.249384 2.221192
v -10.180350 -4.036899 0.620615
v -10.934190 -4.097776 0.554161
v -10.521070 -4.090760 0.632896
v -11.354280 -3.952258 0.816283
v -11.501120 -3.858123 0.925025
v -11.220750 -3.754656 1.054347
v -11.610990 -3.566082 1.346294
v -11.832000 -3.717899 1.257557
v -12.075940 -3.546525 1.535018
v -11.994080 -3.523857 1.562921
v -12.218690 -3.307660 1.867043
v -12.408250 -3.347442 1.904969
v -12.226490 -3.336219 1.903905
v -12.000220 -3.748961 1.212658
v -11.334170 -4.116992 0.502762
v -11.734030 -3.942392 0.860200
v -12.119000 -3.421197 1.799213
v -12.508540 -3.004901 2.263743
v -12.371970 -3.105968 2.166774
v -12.589270 -3.036153 2.214258
v -12.583410 -2.706448 2.661314
v -12.440970 -2.708842 2.526732
v -12.552970 -2.877518 2.580604
v -11.137550 -3.330606 1.041728
v -11.083420 -3.236730 1.017453
v -10.991510 -3.381209 0.987598
v -11.517160 -3.057426 1.311320
v -11.467130 -2.945074 1.217744
v -11.414390 -3.198869 1.196932
v -11.737310 -3.097265 1.587557
v -11.723710 -2.879617 1.541162
v -11.675160 -3.089618 1.514780
v 3.651254 1.381748 -0.886155
v 4.194440 1.125813 -0.715280
v 4.697572 0.780911 -0.613741
v 4.585661 0.457843 -0.394700
v 4.615065 0.858089 -0.639676
v 4.570718 0.791379 -0.700394
v 4.648842 0.709087 -0.677969
v 4.883304 0.561341 -0.596365
v 4.183242 0.649926 -0.004826
v 4.775791 0.255219 -0.114844
v 4.690526 0.325109 -0.082704
v 4.770734 0.591776 -0.690321
v 4.040418 0.553705 -0.077755
v 5.085793 -0.206374 -0.080736
v 4.993752 0.046613 -0.079729
v 4.893780 0.154113 -0.123455
v 4.290915 0.453563 -0.080221
v 4.315966 0.556438 -0.082227
v 4.378978 0.608671 -0.460574
v 4.516196 0.529837 -0.437750
v 4.710974 0.343435 -0.350286
v 4.779109 0.435951 -0.426553
v 4.962428 -0.103772 -0.080614
v 5.242608 0.208547 -0.566805
v 5.132296 -0.030533 -0.370903
v 5.226857 0.110903 -0.619200
v 3.421521 1.377504 -0.965490
v 3.381575 1.359056 -1.063024
v 3.602145 1.371874 -0.987495
v 3.799347 1.442506 -0.964901
v 3.856128 1.351246 -0.861033
v 4.004393 1.248571 -0.785962
v 3.882129 1.238609 -0.898519
v 4.043111 1.157336 -0.801753
v 4.323083 1.071857 -0.730515
v 4.186163 1.074897 -0.781647
v 4.394415 1.017410 -0.688467
v 4.312910 0.967743 -0.757081
v 5.113576 0.208518 -0.632006
v 4.848466 0.474082 -0.653354
v 4.961990 0.403292 -0.624704
v 7.363516 0.522485 0.165021
v 7.603650 0.755681 0.120030
v 7.254552 0.702201 0.179580
v 7.614008 0.484371 0.179650
v 7.597438 0.596525 0.146562
v 7.687734 0.742806 0.061499
v 7.609730 0.575638 0.012542
v 7.770782 0.601062 -0.023495
v 7.179501 0.749544 0.005971
v 7.588783 0.203241 0.253557
v 7.654384 0.324292 0.291545
v 7.296493 0.271163 0.350343
v 6.928316 0.708316 0.366118
v 6.769767 0.700995 0.477588
v 6.857892 0.473510 0.308024
v 2.814352 -0.132050 1.216715
v 2.972253 0.691492 1.023011
v 2.258699 0.203684 1.460415
v 1.197357 0.547674 1.422389
v 0.969333 -1.262438 1.152432
v 2.324252 -0.560337 1.339443
v 0.693937 0.658019 1.320487
v 0.036431 -1.229178 1.209922
v 0.722849 -1.696648 1.029247
v 3.267097 0.823730 0.762132
v 2.946365 1.235850 1.026822
v 6.514049 0.680129 0.595991
v 6.514295 0.584774 0.588855
v -1.383529 -3.059018 0.576707
v -3.147318 -3.971454 0.704348
v -3.132108 -4.293324 0.088290
v -2.886255 -3.958219 0.450662
v -4.953514 -3.968116 0.306005
v -4.863117 -4.701129 0.274351
v -4.041850 -4.401137 0.493837
v 0.729528 -2.059662 1.242645
v 5.339478 -0.121233 0.201342
v 0.206970 -3.133354 1.307567
v 0.531782 -2.971024 1.419948
v 0.162592 -2.866733 1.326725
v 1.160345 -3.307161 1.154524
v 0.927639 -2.398273 1.236031
v 0.664620 -3.259719 0.391493
v 0.083912 -3.141573 0.635448
v 0.445445 -2.662829 0.253458
v -7.149279 -4.663795 0.269716
v -7.699277 -4.933364 0.279207
v -6.809067 -4.979776 0.222166
v -6.684657 -4.979776 0.214401
v -7.812997 -4.979776 0.241133
v -7.565402 -4.979776 0.230607
v -8.269835 -4.645266 0.341036
v -8.849112 -4.782226 0.384708
v -0.012502 -3.664397 1.227258
v 0.071651 -3.792770 0.535218
v 0.013463 -3.057379 1.121572
v -0.399696 -3.408875 1.215895
v -0.574998 -3.396501 0.778170
v 6.827801 0.385607 0.338719
v 6.750825 0.518174 0.412461
v 3.655419 0.823466 0.166888
v 3.906832 0.909620 0.385507
v 3.740162 1.002583 0.421418
v 2.735625 -1.061402 0.815281
v 1.984213 -1.760937 0.567137
v 2.839715 -1.285954 0.337268
v 3.235539 -0.610066 0.340295
v 4.904219 0.132154 -0.038396
v 4.921452 0.161042 0.199130
v 4.824393 0.254068 0.194874
v 4.294229 0.859287 0.351634
v 4.330780 1.073599 0.544368
v 4.177929 1.128091 0.550462
v 4.007582 0.923595 0.359672
v -0.154163 -4.145295 1.267811
v -0.514752 -4.097060 0.982822
v -0.400970 -4.074814 0.725638
v 7.266819 -0.962887 0.209762
v 7.580909 -0.894916 0.119909
v 7.398393 -1.123265 0.063697
v 7.074876 0.716537 0.218554
v 6.985762 0.883602 0.160372
v 6.840139 0.783794 0.248500
v 6.829305 0.858339 0.066138
v 7.003248 0.796230 0.388842
v 6.868425 0.846701 0.491015
v 6.254378 -0.111976 0.643519
v 6.427237 -0.141199 0.523580
v 6.471747 -0.087630 0.417743
v 5.462857 -0.287770 -0.080411
v 3.861951 0.724901 -0.004962
v 3.912402 1.120477 0.486460
v 4.031517 1.176651 0.623662
v 3.817094 1.364223 0.713361
v 6.689383 0.876456 0.581686
v 6.682282 0.839271 0.405079
v 6.463480 0.876699 0.550852
v 6.605453 0.902975 0.657835
v 6.269873 0.366004 0.542705
v 6.261130 0.279418 0.528049
v 6.656976 0.384042 0.434617
v 6.456270 0.874667 0.741615
v 6.353968 0.808141 0.709601
v 6.304441 0.869440 0.771630
v 6.196496 0.616648 0.689513
v 6.228778 0.865512 0.675916
v 6.073093 0.861274 0.684450
v 6.067694 0.829230 0.852504
v 5.956398 0.725437 0.691696
v 6.708692 0.986339 0.221706
v 6.596418 0.935994 0.040536
v 6.603560 0.914703 0.250767
v 6.850528 0.837407 -0.026991
v 6.406382 0.929435 0.274940
v 6.217595 0.954411 0.497805
v 6.442735 1.063856 0.170467
v 6.429117 0.935233 0.039739
v 6.101558 1.051699 0.690924
v 6.040325 0.867549 0.518817
v 6.572849 -0.008427 0.177830
v 6.744467 0.021015 0.354597
v 6.701763 -0.145881 0.256917
v -0.073542 -2.795792 0.320676
v 0.802498 -2.228090 0.364659
v -0.903038 -2.794784 0.647808
v 0.177672 1.122390 0.540519
v -0.149172 0.702950 0.155518
v -0.477409 0.180722 0.259649
v 0.185544 1.183930 0.186511
v -4.564306 -3.603490 -0.023598
v -3.826445 -3.289098 0.422480
v -3.705595 -2.928912 0.127928
v -4.398008 -3.608531 0.249137
v -4.111982 -3.262699 0.035267
v -1.045328 -0.550878 0.158772
v -3.248434 -2.433810 0.047326
v -2.728404 -2.013936 0.118359
v -3.651474 -2.738545 -0.082591
v -2.904491 -2.087939 -0.081506
v -1.980426 -0.734970 -0.011488
v -1.744245 -1.185101 0.187743
v -2.557211 -1.262463 0.010700
v -2.290721 -1.634446 0.143542
v -3.207837 -1.877569 -0.025437
v 6.011173 1.102704 0.481741
v 6.070078 0.990632 0.337874
v 6.099890 0.597260 0.792146
v 6.085487 0.514316 0.751692
v 6.716980 0.212435 0.083861
v 6.427338 0.096937 0.168042
v 5.963263 1.142797 0.288288
v 6.242203 0.962146 0.116226
v 5.999836 1.003488 0.170716
v 6.063062 1.120381 0.058730
v 6.048534 1.184463 0.119385
v 5.838586 0.936612 0.284536
v 6.212664 0.494006 0.612946
v 6.642007 0.481072 0.439017
v 7.811919 0.518765 -0.024164
v 6.043159 0.403100 0.701178
v 6.111763 0.430663 0.788304
v 6.074985 0.276594 0.792265
v 6.081769 0.177562 0.654188
v 6.246275 0.213361 0.699413
v 6.315945 0.107865 0.579039
v 6.120412 0.100174 0.792308
v 6.133354 0.037180 0.698468
v 6.287207 0.057529 0.639574
v 6.691164 0.048463 0.470065
v 6.942971 0.188208 0.408846
v 5.927671 0.502790 0.762583
v 5.954730 0.499553 0.831709
v 5.910298 0.270421 0.830850
v 5.834302 0.239657 0.703505
v 5.934275 0.116620 0.807526
v 5.842168 0.002632 0.711422
v 6.764926 0.048291 0.533139
v 6.606807 0.161248 0.503957
v 6.708227 0.119558 0.520996
v 6.936811 -0.432350 0.270569
v 6.592236 -0.434713 0.391510
v 6.650487 -0.581178 0.317466
v 6.618291 0.061086 0.543746
v 6.401746 -0.336680 0.527229
v 6.418412 0.121996 0.517041
v 6.527342 0.079666 0.585912
v 6.415840 0.023354 0.624347
v 6.457742 0.082207 0.628070
v 6.338600 0.053000 0.630347
v 6.097096 -0.045123 0.827514
v 6.122721 -0.213707 0.725711
v 6.124145 -0.275009 0.633961
v 5.963476 -0.057611 0.834905
v 5.912951 -0.139675 0.709028
v 6.030110 -0.207254 0.775430
v 5.905770 -0.278497 0.711532
v 6.219510 -0.374212 0.714949
v 6.175456 -0.425615 0.517983
v 5.933642 -0.462769 0.660376
v 7.175346 -1.109605 0.154305
v 7.142760 -1.053208 0.105813
v 7.263299 -1.079013 0.097785
v 7.121274 -1.170416 0.070329
v 7.259546 -1.209772 0.188858
v 7.207087 -1.194733 0.034411
v 7.053433 -0.954103 0.206947
v 7.007647 -1.050936 0.193419
v 6.997167 -1.054492 0.056019
v 6.989459 -1.015551 -0.003253
v 6.630383 -0.204724 0.068719
v 6.985811 -0.935063 0.229473
v 6.874949 -0.965656 0.160452
v 6.898981 -1.045512 0.026047
v 6.885224 -0.861571 0.248904
v 6.940603 -0.763536 0.239190
v 6.764640 -0.978068 0.025625
v 6.771581 -0.677583 0.261403
v 6.694821 -0.842736 0.302039
v 6.792287 -0.696692 0.314065
v 6.597820 -0.877865 0.082206
v 6.564275 -0.720060 0.043926
v 6.580081 -0.710919 0.372263
v 6.524370 -0.710023 0.232080
v 6.384778 -0.764994 0.201937
v 6.449900 -0.622660 0.286344
v 6.367162 -0.808922 -0.076825
v 6.335075 -0.554223 0.187709
v 6.617858 -0.499328 0.440464
v 6.392189 -0.475112 0.612049
v 6.443040 -0.502332 0.420504
v 6.356010 -0.627259 0.372027
v 6.474717 1.052138 0.455202
v 6.187983 -0.541477 0.505562
v 6.241074 -0.616061 0.271390
v 6.148737 -0.482670 0.304954
v 6.069548 -0.454015 -0.037160
v 6.072384 -0.666697 -0.081522
v 6.166921 -0.512186 0.027926
v 5.773072 0.734271 0.514938
v -2.171487 -1.591430 0.383315
v -0.987341 -0.663281 0.491568
v -0.591181 0.041815 0.796493
v 1.868679 1.980472 0.625869
v 1.998043 2.030309 0.445219
v 1.159057 1.899235 0.557328
v 3.285625 2.309975 0.519651
v 3.492661 2.265689 0.352934
v 2.994238 2.269741 0.398041
v 4.712976 1.738671 -0.004375
v 4.175042 2.083487 0.018046
v 1.764944 2.196948 0.107998
v 1.134673 1.994815 0.128111
v 0.581371 1.938195 -0.051727
v 0.818500 1.839014 0.060586
v 0.610945 1.685326 0.803920
v 0.788098 1.765620 0.521952
v 0.652060 1.740536 0.163442
v -0.787806 -0.302862 0.255878
v -5.054366 -3.382153 -0.271096
v -4.817709 -3.734298 -0.078691
v -4.914800 -3.912841 0.085685
v -5.109128 -3.873705 -0.171594
v -5.485671 -4.255225 -0.185239
v -5.934323 -4.463453 0.017542
v -5.489981 -4.372364 0.009915
v -6.103508 -4.407956 -0.145436
v -6.369572 -4.227873 -0.174746
v -6.821215 -4.464074 -0.032467
v -6.312487 -4.441678 -0.091392
v -6.642141 -4.412515 -0.195278
v -6.753911 -4.563066 0.147122
v -7.611518 -4.503242 0.124994
v -8.474813 -4.449064 0.186550
v -8.444416 -4.158505 0.059710
v -8.714916 -4.372968 0.256937
v -8.367073 -4.365143 0.332035
v -9.225328 -4.278717 0.287067
v -9.462543 -4.311430 0.467804
v -8.989355 -4.421913 0.351732
v 3.183290 1.953082 0.671904
v 2.293477 1.691491 0.848334
v 1.981365 1.565490 0.945365
v 1.890812 0.727457 1.311755
v 1.903066 1.360340 1.131905
v 1.367711 0.788357 1.486674
v 5.543539 0.402297 0.584337
v 5.585068 0.612205 0.570856
v 5.518712 0.779496 0.472871
v 3.943137 1.440776 0.774360
v 3.847661 1.755374 0.710082
v 3.413985 1.580715 0.918088
v -0.217571 2.386908 2.283170
v -1.330146 2.948848 1.813364
v -0.090788 0.757663 0.835474
v -1.988272 2.313393 1.612654
v -0.847513 -0.315275 0.837406
v -0.936668 -0.523833 0.989522
v -2.193792 2.960151 3.440324
v -2.164727 2.313844 2.057295
v -1.472594 2.509928 2.283629
v 0.903907 2.832222 2.255262
v 0.123091 3.634205 3.574544
v 1.057790 2.531923 2.313751
v -1.734259 4.410643 5.930741
v -2.252457 4.850996 6.886183
v -1.871092 4.293873 5.498121
v -1.625359 4.997127 4.903855
v -2.118700 5.293518 5.791544
v -1.158445 4.659779 4.226919
v -3.111890 3.153573 4.245443
v -3.815382 3.063772 5.230947
v -2.536025 4.057545 4.415933
v -4.547026 2.700729 5.433595
v -3.912360 2.398540 4.760777
v -3.880797 4.319539 6.754178
v -3.255631 4.094338 5.929189
v -2.161345 6.249260 8.470054
v -2.933664 6.034034 9.152071
v -2.896505 5.257195 8.269567
v -3.321173 4.423717 7.572522
v -3.346221 4.576271 8.221780
v -4.151503 3.106861 6.788497
v -3.113647 6.060419 7.341985
v -1.521586 5.360170 5.770496
v -4.512290 0.787658 4.374059
v -5.202407 1.453523 5.566544
v -5.015540 1.007871 3.994788
v -3.857335 4.693024 7.381714
v -3.510012 5.455200 7.699016
v -4.979882 3.399524 6.859656
v -5.133939 1.999855 5.843277
v -2.422935 7.328645 7.870890
v -2.073705 7.757079 8.282118
v -1.536864 7.368503 8.150568
v -3.702797 5.732638 7.969144
v -3.244246 6.084846 7.873046
v -2.656407 6.642375 9.444204
v -1.937227 6.937550 8.971009
v -5.829209 2.857570 7.394843
v -5.951025 1.468307 6.010178
v -3.672600 5.178665 8.858228
v -3.760416 6.541198 9.170051
v -4.511215 4.959986 8.359259
v -7.196348 1.228135 7.225494
v -8.784100 2.141879 8.595596
v -5.617643 4.022849 8.467508
v -4.582568 5.724148 10.214460
v -3.837648 5.145447 9.113485
v -7.142838 2.275805 8.788015
v -7.008955 1.733442 7.888112
v -4.336956 4.566759 8.603553
v -3.790785 7.039377 10.083960
v -4.120768 6.197331 10.341230
v -2.839383 7.452980 9.046983
v -4.853157 5.193735 9.721078
v -4.402618 5.120910 9.550091
v -4.065278 6.966304 9.765768
v -3.035131 7.163295 9.024813
v -10.651360 0.667130 10.196760
v -10.085630 1.104668 9.163791
v -9.595688 1.538848 9.291723
v -5.564829 5.909503 11.077870
v -5.868798 4.744534 10.244440
v -9.903899 1.959985 9.523505
v -10.227570 2.214015 9.838614
v -8.484071 3.344999 9.663251
v -7.382436 5.510118 10.878970
v -5.751945 6.676416 10.781820
v -5.740815 6.104236 10.123780
v -9.287100 1.510650 8.269457
v -10.595220 1.688903 10.011050
v -11.162270 1.704974 11.018570
v -10.904980 0.739811 11.339700
v -11.800940 0.498200 12.035390
v -11.299230 0.165450 11.174010
v -10.090810 5.092343 13.318050
v -9.974432 4.881228 13.489710
v -9.218236 5.924379 12.946960
v -9.187078 4.310929 10.793050
v -9.714765 4.316845 11.877220
v -8.333220 4.864005 10.699570
v -8.630784 6.149830 12.750450
v -8.561627 5.510221 12.856390
v -7.675163 5.631466 12.443880
v -10.010110 3.495684 10.869050
v -9.102071 5.152664 12.946710
v -9.215887 4.813207 12.667400
v -8.641951 4.882470 11.848580
v -10.100720 3.279536 12.102710
v -11.762520 2.043788 13.635250
v -11.643160 1.421350 12.617330
v -9.447942 5.662260 12.518940
v -9.062184 5.219315 11.835060
v -11.838850 1.067410 12.261980
v -12.544620 0.847122 13.100920
v -9.989593 2.200896 11.233580
v -8.540365 3.871156 11.221620
v -8.684277 3.255919 10.747090
v -7.734469 3.284497 9.598373
v -6.310422 4.342625 9.758084
v -2.818187 3.253377 5.781705
v -2.493006 3.032184 4.289567
v -0.230837 -0.054133 1.248070
v -13.824080 -0.750756 13.970830
v -12.698440 0.223041 13.106710
v -12.797130 -0.119113 13.221670
v -9.976051 1.481734 9.207705
v -10.834300 0.791702 10.137750
v -9.454533 -0.367538 7.608823
v -9.312704 0.211096 8.121487
v -9.590187 0.722410 7.899350
v -7.123927 1.176250 7.186841
v -4.960055 1.626367 4.546306
v -4.282959 0.768386 3.553075
v -13.674940 0.477112 14.035570
v -14.224040 -1.079013 14.461980
v -13.767940 0.616543 14.222100
v -10.777940 3.642806 14.022730
v -9.608530 4.909070 13.279370
v -11.414080 -0.347977 10.861740
v -11.439730 0.543179 11.146480
v -11.581680 -0.589038 10.649040
v -11.446170 -0.274181 10.720060
v -11.336920 -0.361768 10.682370
v -14.159620 -1.145103 14.582440
v -14.167820 -1.731625 14.161730
v -13.410920 -0.606269 13.745750
v -11.585080 0.883985 12.194720
v -7.918669 1.919651 9.008652
v -8.817573 0.899535 8.475760
v -5.920708 0.910606 6.263341
v -2.699770 2.473647 3.463042
v -6.435990 0.201782 5.729541
v -6.254044 0.736839 5.823295
v 5.827098 0.766065 0.773269
v 5.536838 0.675431 0.916378
v 5.789407 0.529201 0.860862
v 5.429162 0.505373 0.820087
v 5.633669 0.230759 0.627500
v 5.548154 0.210458 0.830878
v 7.117486 -0.582977 0.042193
v -2.942752 8.807288 10.495660
v -2.792157 8.818230 10.539140
v -2.479836 8.782894 9.463311
v -2.259657 8.560543 9.982848
v 5.600729 -0.084325 0.748661
v 5.643601 -0.197113 0.756673
v 5.739576 -0.156269 0.534066
v 5.070110 0.543991 0.918899
v 4.688241 0.868850 1.048333
v 5.579539 0.765504 0.762958
v 5.239795 0.781112 0.760970
v 4.677655 0.851813 1.136227
v 7.158065 0.285881 0.063510
v 5.312593 0.237573 1.078873
v 5.459792 0.050820 0.951009
v 5.575176 0.100219 0.990935
v 4.923106 0.741576 1.104360
v 7.604711 0.229085 -0.186703
v -7.621268 5.232795 10.663940
v -5.935912 5.503431 9.647378
v -4.482291 6.021590 9.219885
v -5.246807 5.115154 8.768979
v -4.193885 5.986531 8.718061
v -1.838507 6.730387 8.549743
v 0.466992 3.035395 1.864788
v 1.026487 1.910597 1.006599
v 2.205132 0.892851 1.200619
v -6.903803 -4.210852 -0.102929
v 5.405556 -0.031210 0.461763
v 5.636771 0.016377 0.529560
v 5.439715 0.218126 0.549303
v 5.401028 0.044035 0.409647
v 5.649947 -0.447905 -0.077114
v 5.682349 -0.330206 -0.123334
v 5.410032 -0.373543 -0.082685
v 5.171756 -0.080227 -0.035833
v 5.212643 -0.286159 -0.078589
v 5.266517 -0.103689 0.195565
v 5.136468 -0.020719 0.204533
v 0.265993 -3.775756 0.665163
v 0.583405 -4.600579 0.669496
v 0.758427 -4.637088 0.757440
v 1.495859 2.135812 0.109414
v 1.985867 2.395652 -0.014488
v 2.317458 2.230348 0.091551
v 2.442225 2.461346 -0.009791
v 2.589421 2.278250 0.049098
v 3.111027 2.304785 0.039234
v 2.850344 2.268937 0.044937
v 3.533369 2.317333 -0.098720
v 3.284678 2.401471 -0.017506
v 3.710283 2.260785 0.040789
v 4.316709 1.993470 0.012169
v 4.440306 2.080526 -0.080120
v 4.477194 1.916261 -0.015466
v 4.780157 1.706879 -0.053124
v 1.348038 -4.664906 1.346322
v 1.606839 -4.903242 1.343954
v 1.697515 -4.715839 1.387793
v 1.141810 -4.688098 0.779582
v 1.551905 -4.665564 0.489392
v 0.896299 -4.924039 0.526080
v 1.222424 -4.672139 1.068283
v 0.710487 -4.871133 1.210551
v -0.058031 -3.091348 0.884573
v -0.512838 -3.009568 0.785879
v 1.515926 -4.870532 0.501875
v 1.699556 -4.979776 0.621346
v 1.655317 -4.979776 0.692838
v 1.375904 -4.883927 0.779189
v 1.845880 -4.729824 1.037008
v 2.149773 -4.954542 0.841099
v 1.774806 -4.658980 0.781275
v 0.674119 -4.936629 0.461476
v 1.788775 -4.900901 1.022520
v 1.826573 -4.979776 0.988333
v 2.148486 -4.979775 0.964457
v 3.447958 2.232520 0.811098
v 2.433723 2.083380 0.867757
v 4.618602 2.326951 0.194580
v 4.799860 2.279881 0.211415
v 5.830008 1.195389 0.003312
v 5.797368 1.390085 0.078353
v 4.453796 1.810424 0.429636
v 4.729730 1.815856 0.745320
v 5.279030 1.289524 0.389121
v 4.232385 1.975011 0.323725
v 4.083539 2.020195 0.440269
v 4.473796 2.344535 0.237269
v 4.500175 1.817337 0.307473
v 0.754931 2.185673 0.364424
v 4.023492 0.819592 0.369783
v 4.142759 0.823214 0.288620
v 4.144563 0.735258 0.333168
v 4.272583 0.706450 0.285996
v 4.559161 0.684631 0.302947
v 4.386343 0.619616 0.281136
v -10.052800 -4.169058 0.856514
v -3.797240 -3.093495 0.792072
v -4.313144 -3.601748 0.546127
v -3.370760 -3.254939 0.687319
v -8.898077 -4.343345 0.467977
v -9.345144 -4.128871 0.528841
v -9.613106 -4.209885 0.633807
v -8.022397 -4.448045 0.307445
v -7.699827 -4.469359 0.386309
v -4.363083 -3.456061 0.433266
v -9.829911 -4.696404 0.632069
v -9.700911 -3.992051 0.872032
v -9.630011 -4.324409 0.689047
v 0.744383 -4.679435 1.002313
v -1.807104 -1.211040 0.896831
v -2.370371 -1.688861 0.843867
v -2.326296 -1.776845 1.128986
v -2.059417 -1.914863 0.789460
v -1.681036 -2.782040 0.727190
v -1.230878 -2.445045 0.937565
v -2.682941 -1.795737 1.376784
v -2.579744 -1.894622 1.087434
v -3.709292 -2.958562 0.722165
v -4.021917 -2.980962 0.862908
v -4.671541 -3.605100 0.462211
v -4.224726 -3.870095 0.471344
v -4.131020 -4.555036 0.204343
v -3.707533 -4.512354 0.079277
v -4.878513 -3.409651 0.497072
v -4.645823 -3.609724 0.356240
v -5.216685 -4.049741 0.203231
v -5.454456 -4.405708 0.122924
v -5.487118 -3.869394 0.276236
v -5.664814 -4.923070 0.073761
v -5.487443 -4.979776 0.000132
v -5.077750 -4.979776 -0.023857
v -5.720253 -4.333096 0.131058
v -5.816189 -4.155879 0.207867
v -6.256556 -4.247672 0.288215
v -6.204259 -4.388509 0.165664
v -6.035616 -4.456943 0.168377
v -7.163696 -4.438888 0.297266
v -7.204211 -4.277700 0.420419
v -7.026331 -4.444600 0.261214
v -7.452395 -4.489973 0.342688
v -7.729525 -4.250982 0.460319
v -8.678005 -4.413570 0.390254
v -8.392355 -4.979776 0.234087
v -8.897251 -4.104593 0.517665
v 5.690912 1.095157 0.522101
v 5.524706 1.356615 0.712406
v 5.537097 1.139549 0.567989
v 5.544664 1.340396 0.502497
v 4.827228 0.930687 0.601069
v 4.675906 0.873087 0.570162
v 4.769432 0.594596 0.529858
v 4.850915 1.602859 0.798599
v 4.938287 1.641256 0.662943
v 2.366448 2.684369 0.333479
v 2.487243 2.463950 0.429298
v 2.499841 2.494051 0.233078
v 4.751587 1.895501 0.911301
v 3.445537 2.351855 0.717200
v 3.630962 2.330409 0.732910
v 3.271286 2.540655 0.912704
v 1.665831 2.039749 1.065526
v 1.757113 2.333223 1.032395
v 1.827173 2.169906 0.924957
v 1.434928 2.249641 1.105414
v 1.514985 2.100244 0.943547
v 0.849404 2.565734 0.450055
v 1.143914 2.437090 0.324781
v 0.998712 2.311208 0.425345
v -1.893788 -1.169824 1.366670
v -1.781153 -1.255541 1.155177
v -1.554125 -1.144260 1.105124
v -6.703782 -4.385516 0.352713
v -1.106581 -0.997565 0.757624
v 5.568999 1.118569 0.296880
v 1.177731 2.151508 1.014858
v 1.389044 1.818937 1.119531
v 1.413876 2.014215 1.016459
v 1.328298 2.005545 0.824457
v 5.673383 1.144127 0.712610
v 5.358361 1.312081 0.609994
v 5.164613 1.009777 0.510445
v 5.269762 1.956706 0.267722
v 4.865424 1.284093 0.561118
v 5.005325 1.500451 0.752240
v 5.142932 1.556511 0.647788
v 5.277685 1.559436 0.809441
v 4.944761 1.755720 0.864748
v 5.067115 1.979417 0.251066
v 4.804037 2.261898 0.354526
v 4.571670 1.476575 0.632330
v 4.662223 1.725263 0.809899
v 4.599409 1.996881 0.844589
v 4.867190 1.593737 0.283574
v 4.593301 2.315185 0.355508
v 4.584311 2.498305 0.311653
v 4.465702 1.911140 0.843893
v 4.466403 1.996156 0.667910
v 4.204869 2.565225 0.220062
v 4.442894 2.163471 0.864533
v 4.324410 2.005756 0.753088
v 4.246322 2.223404 0.854495
v 4.010127 2.075949 0.846178
v 3.804779 2.098453 0.860890
v 3.987384 2.304442 0.935549
v 3.898811 2.227641 0.720848
v 3.741217 2.813029 0.294788
v 3.622844 2.551730 0.363517
v 3.892014 2.632702 0.218798
v 3.639685 2.468077 0.986403
v 3.095137 2.199166 0.785186
v 3.045920 2.500204 0.857971
v 2.981818 2.304416 0.694724
v 3.389925 1.349946 0.846700
v 3.197495 2.344913 0.653693
v 3.406269 0.522823 0.316981
v 2.803881 2.193534 0.809090
v 2.683525 2.467389 0.778599
v 2.333062 2.183006 0.713978
v 2.311364 2.388864 0.845806
v 2.616865 2.218467 0.687061
v 2.039126 2.386301 0.936266
v 2.114564 2.168968 0.792069
v 1.927860 2.089646 1.030642
v 1.848989 2.683874 0.340355
v 1.776161 2.473662 0.241813
v 1.801806 2.412772 0.452431
v 2.149532 2.113571 1.025524
v 1.428839 2.663731 0.350051
v 1.465881 2.512004 0.408936
v 1.117389 2.449168 0.468932
v 1.181129 1.900759 0.792388
v -3.093086 2.576255 5.191254
v -3.405149 1.450847 4.399657
v -6.401350 1.221713 7.105974
v -13.934560 -1.301727 14.555500
v -13.039430 0.281986 14.177960
v -13.143340 0.311619 14.855180
v -9.179697 -0.423449 7.468657
v -8.839993 0.624056 7.451910
v -8.528653 0.254154 7.687727
v -3.543842 1.430653 3.363669
v -3.499611 2.026184 3.560927
v -12.152100 3.128026 13.746170
v -12.482660 2.050206 14.608000
v -11.426640 3.654054 14.109190
v -10.427440 4.724826 13.067210
v 1.634323 1.655173 1.107176
v -9.997723 5.234868 13.032960
v -7.417181 6.218137 11.334810
v -6.394241 6.614897 11.413680
v -1.072676 5.060371 5.383660
v 0.603702 2.275108 0.492355
v 0.885040 2.155932 0.498247
v 2.045355 2.485022 0.332306
v 2.268228 2.492715 0.351866
v 3.436606 2.952887 0.357129
v 3.504225 2.631733 0.151660
v 4.214806 2.666647 0.390105
v 4.068248 2.505911 0.335965
v 5.428541 1.781181 0.189915
v 5.546327 1.480929 0.073012
v 5.361727 1.666890 0.098749
v 1.228872 1.918939 0.993117
v 5.690288 1.577155 0.147350
v 5.428017 1.284915 0.268813
v -0.382547 4.575571 5.212187
v -0.364542 3.129947 3.717936
v -0.827506 4.093525 3.311974
v -3.050135 2.384097 3.211018
v -2.736961 3.307873 3.242660
v -2.269523 3.879213 3.301766
v -1.740356 4.013107 3.277244
v -1.442457 4.044573 3.348872
v -1.555855 -0.988934 0.898596
v -3.414751 -2.368914 1.253895
v -3.221167 -2.583772 0.967447
v -2.997825 -2.334939 0.945821
v -3.233557 -2.522432 0.877413
v -3.892307 -3.051862 0.677334
v -5.037895 -3.893373 0.223105
v -6.495985 -4.497408 0.239316
v -6.646410 -4.463114 0.235430
v -7.150139 -4.451599 0.340461
v -7.539533 -4.408843 0.235116
v -8.327868 -4.155982 0.478368
v -8.228971 -4.411861 0.417191
v -10.109620 -4.399072 0.864838
v -9.712339 -4.541000 0.759884
v -9.779411 -4.213811 0.795736
v -10.141370 -4.246951 1.014192
v -10.610330 -4.100812 1.195728
v -10.973410 -4.014398 1.308228
v -10.312930 -4.450375 0.830284
v -10.605930 -3.974954 1.427240
v -10.951810 -3.872207 1.585490
v -11.265740 -3.997908 1.262908
v -11.309220 -3.722012 1.586453
v -11.235360 -3.661368 1.720059
v -11.717690 -3.257219 1.928273
v -12.111620 -2.922761 2.299138
v -11.555370 -3.480789 1.840881
v -11.486810 -3.416497 1.930923
v -11.962230 -3.229017 2.303573
v -11.682070 -3.308067 2.127454
v -11.770840 -3.218125 2.224756
v -11.994770 -3.019295 2.386305
v -12.019590 -3.032219 2.413135
v -10.570500 -3.927778 0.980891
v -10.235590 -4.131106 1.103188
v -10.439080 -3.978369 1.302657
v -11.354630 -3.551181 1.457572
v -10.772310 -3.895805 1.427649
v -11.280660 -3.559169 1.724896
v -11.154990 -3.672515 1.644496
v -11.208810 -3.579693 1.915631
v -10.519990 -3.950611 1.637181
v -10.451640 -4.082794 1.334454
v -10.160420 -4.141485 1.361616
v -10.976530 -3.784257 1.840696
v -10.954970 -3.767268 1.588587
v -11.710470 -3.194523 2.396548
v -12.103800 -2.916660 2.559512
v -12.032310 -2.921386 2.610167
v -12.405130 -2.831982 2.685057
v -12.530970 -2.671938 2.695035
v -12.459610 -2.861279 2.589885
v -11.364310 -3.211096 1.256739
v -11.652690 -3.103028 1.593177
v 3.596914 1.127704 0.589085
v 3.642117 1.375978 0.728308
v 3.585531 1.403574 0.838458
v 4.465186 0.964978 0.497756
v 3.892768 1.248001 0.726567
v 4.052530 1.328210 0.731070
v 4.468796 0.899786 0.580268
v 4.375893 1.126369 0.661838
v 4.600918 0.872625 0.472952
v 4.647711 0.710961 0.517382
v 4.695961 0.782540 0.454019
v 4.885149 0.562405 0.434890
v 4.709667 0.139070 -0.077626
v 4.770287 0.258638 -0.036356
v 3.736617 0.582941 -0.080651
v 3.873766 0.555188 -0.077058
v 4.055686 0.689888 -0.035340
v 4.134810 0.513054 -0.076856
v 4.722681 0.348235 0.186401
v 4.521497 0.474481 -0.007726
v 5.152332 0.585499 0.604162
v 4.849948 0.474510 0.494024
v 4.409068 0.406413 -0.075151
v 4.493684 0.320957 -0.076562
v 4.623148 0.228854 -0.079670
v 4.837730 0.029831 -0.081434
v 4.533927 0.531634 0.172439
v 4.519063 0.531571 0.278234
v 4.586252 0.457449 0.234592
v 4.783422 0.440094 0.271567
v 5.225176 0.315793 0.540551
v 5.114019 0.209484 0.473002
v 5.226795 0.111454 0.460246
v 5.238615 0.207951 0.407531
v 3.794189 1.443863 0.810849
v 3.755599 1.311196 0.784076
v 4.243349 1.175859 0.654889
v 4.173921 1.064138 0.626181
v 4.314675 0.963183 0.595772
v 4.561775 0.792483 0.534733
v 4.963220 0.402003 0.462237
v 5.066723 0.336561 0.472035
v 7.009946 -0.491674 -0.328107
v 7.529797 -0.794893 0.004262
v 7.598777 -0.667661 -0.020972
v 7.357074 0.213859 -0.248756
v 6.904424 0.182644 -0.296151
v 6.920071 -0.071048 -0.348451
v 6.926760 0.159836 -0.401948
v 6.814378 0.384656 -0.512456
v 6.687143 0.377682 -0.579872
v 7.839805 0.335446 -0.184801
v 7.244475 -0.016523 0.135640
v 7.193136 0.198068 0.182147
v 7.728300 0.293619 -0.017166
v 7.598752 -0.667659 -0.142983
v 7.499352 -0.790590 -0.223932
v 7.324190 -0.698089 -0.275317
v 7.300745 -0.458226 -0.248739
v 7.064968 -0.246002 -0.303691
v 7.578436 -0.832402 -0.023090
v 7.476855 -0.539644 0.054131
v 7.351190 -0.698723 0.026343
v 7.244786 -0.346526 0.101102
v 2.825524 0.572896 -1.294487
v -1.230757 -2.445504 -1.101966
v -3.305479 -4.368353 -0.327767
v -4.655505 -4.127600 -0.780069
v -0.647882 -2.326592 -1.622279
v -0.795260 -2.677822 -1.390455
v -0.521109 -3.020874 -0.938859
v 0.014645 -3.056093 -1.280708
v -0.063307 -3.097612 -1.041122
v 1.003457 -3.269655 -0.726426
v 0.301147 -3.754200 -0.832080
v -7.141518 -4.979775 -0.465687
v 5.069703 0.336168 -0.633989
v 4.924017 0.162803 -0.360001
v 4.821170 0.257426 -0.351964
v -0.460405 -3.508687 -0.801741
v 7.840651 0.336055 0.022166
v 4.496475 0.917266 -0.687926
v 6.891588 1.072983 -0.075800
v 5.276368 -0.124337 -0.361243
v -2.157770 2.245548 -2.236213
v -0.223481 2.532558 -1.715248
v 0.884229 2.808120 -2.480512
v -0.403328 3.113009 -3.891415
v -1.504183 4.071253 -3.645215
v -1.730934 4.139395 -5.507436
v -1.845797 3.922264 -5.051052
v -4.036500 0.542869 -3.927024
v -4.526534 0.189280 -3.661252
v -4.681153 0.086939 -3.460166
v -1.442427 7.128705 -8.228110
v -4.526164 0.728209 -4.540559
v -2.073508 7.683746 -8.491096
v -3.537068 6.548688 -9.264228
v -5.023466 6.732027 -10.637550
v -4.231422 6.902998 -10.627780
v -6.665387 0.080769 -5.993322
v -6.695380 0.882958 -6.689179
v -8.521833 0.220904 -7.874748
v -5.134494 3.980069 -9.299782
v -5.602112 6.800880 -11.343710
v -4.374603 6.059918 -9.476158
v -11.185800 1.538760 -11.119650
v -10.236190 3.030517 -12.294710
v -11.636820 1.358800 -12.742710
v -9.334683 5.663127 -12.773500
v -11.038000 4.099975 -13.934170
v -9.159965 -0.458133 -7.584898
v -4.125850 1.537841 -5.478257
v -6.435457 0.133223 -6.193499
v -4.742805 0.027742 -3.556433
v -6.823899 -4.196391 -0.169274
v -6.964728 -4.157280 -0.173901
v 3.267393 2.453263 -0.101836
v 1.948641 2.491539 -0.098288
v 0.825155 -4.979776 -0.572569
v 0.887954 -4.979776 -0.633148
v 0.895794 -4.949831 -0.675260
v 0.801854 -4.979776 -0.548513
v 1.333540 -4.979775 -1.406944
v 1.697190 -4.732141 -1.551919
v 1.370965 -4.878511 -0.932144
v 0.995265 -4.979776 -0.846269
v 1.163353 -4.979776 -1.243754
v 1.689952 -4.700395 -1.333183
v 0.843680 -4.979776 -0.704884
v 1.785925 -4.913282 -1.180114
v 2.023463 -4.979776 -0.811685
v 1.685634 -4.979775 -0.834802
v 2.081848 -4.979775 -1.316083
v 2.101134 -4.979776 -1.492088
v 1.821488 -4.979775 -1.148070
v 2.778316 2.151994 -1.006884
v 1.020046 2.208175 -0.678089
v 0.617005 2.273895 -0.672379
v 4.520873 2.310850 -0.554538
v 1.430539 2.669865 -0.521943
v -1.759358 -1.414349 -0.908183
v -4.648455 -3.758026 -0.768984
v -3.966806 -2.974554 -1.026961
v -4.867324 -4.979776 -0.427127
v -4.879226 -4.979775 -0.491207
v -6.871027 -4.354722 -0.692797
v -8.437353 -4.979776 -0.148891
v -8.656256 -4.979776 0.000772
v 4.890579 1.268855 -0.716447
v 5.572506 1.125768 -0.785995
v 5.721864 1.546564 -0.319267
v 5.222994 0.317422 -0.697999
v -10.340470 -3.610792 0.592436
v -10.386560 -3.716021 0.641251
v -10.879660 -3.957091 0.833207
v -10.625600 -3.569419 0.788522
v -12.372280 -3.089196 2.141980
v -10.718130 -3.420388 0.820088
v 3.755766 1.318664 -0.941062
v 7.682921 0.510663 0.097925
v 0.819890 -2.508879 0.496799
v -0.385675 -1.426101 1.241454
v -1.093078 -1.906341 1.247919
v -1.768039 -1.436398 0.741524
v -1.440692 -1.345149 0.766812
v -2.696630 -2.582051 0.787100
v -0.039601 -2.038636 1.538894
v -0.644015 -2.329574 1.466244
v -0.797207 -2.678372 1.228491
v 1.001863 -3.268064 0.566587
v 0.276552 -3.745044 0.898910
v 0.197477 -3.680129 1.130770
v 6.399172 1.018511 0.486513
v -2.584962 -2.016527 0.541392
v 0.684461 1.996436 2.318602
v -0.380195 2.710190 1.761503
v -1.040125 3.535087 3.958390
v -1.641415 3.274808 3.506192
v -3.928805 0.655675 3.755439
v -2.759048 4.844255 6.350996
v -4.636388 0.089820 3.367127
v -4.725861 0.339037 3.379685
v -2.358685 5.847708 8.401597
v -6.661988 0.118152 5.822845
v -6.699979 0.924156 6.511745
v -2.780250 8.613356 9.580783
v -5.154029 4.033785 9.091941
v -6.543051 4.751225 9.619606
v -5.478391 6.848358 10.962600
v -6.281408 5.730380 9.946532
v -8.189064 4.191306 9.894079
v -7.266043 4.948009 11.113550
v -11.967270 2.005658 14.472820
v -13.559110 0.569105 14.733370
v -4.120207 1.594951 5.308211
v -6.440262 0.168100 6.027539
v -4.695269 0.074528 3.475637
v -4.840281 0.208698 3.468964
v -2.701429 8.222080 9.948545
v 0.278974 -4.683367 0.784216
v 0.425099 -4.953251 0.988206
v 0.572963 -4.979776 0.643734
v 0.674707 -4.979776 0.500463
v 0.476108 -4.979776 0.908190
v 0.769231 -4.979776 1.145269
v 1.287322 -4.979776 1.235271
v 1.076979 -4.979776 0.507107
v 0.868104 -4.979776 0.518279
v 1.383065 -4.895121 1.088171
v 1.141783 -4.979776 1.084289
v 1.040298 -4.979776 0.690586
v 1.687560 -4.693789 1.169884
v 1.715018 -4.979776 1.148403
v 2.040027 -4.979776 1.160486
v 1.748603 -4.979776 1.192150
v 2.012309 -4.979776 0.662254
v 1.635630 -4.691869 0.675977
v 2.152791 -4.979775 0.850949
v 2.035130 -4.979776 0.534279
v 1.770277 -4.974257 0.514839
v 2.036168 -4.979776 0.516200
v 1.595956 -4.979776 0.524595
v -0.919718 -0.484055 0.720034
v 3.333344 2.684969 0.335365
v 2.727446 2.739635 0.336062
v 2.875701 2.651226 0.307711
v -9.328798 -4.218862 0.582273
v -4.954853 -4.979776 -0.068757
v -11.432470 -3.411181 1.993404
v 5.029995 0.057427 0.202209
v 0.890804 -4.979776 0.469945
v 0.503577 -4.979776 1.005911
v 0.713232 -4.979776 0.384769
v -6.584748 -4.979776 0.200247
v 2.040218 -4.979776 1.173153
v 2.108382 -4.979776 1.345022
v 1.632779 -4.979776 1.334903
f 1 2 3
f 1 4 2
f 5 6 7
f 6 8 9
f 9 8 10
f 10 8 6
f 11 12 13
f 9 12 11
f 11 14 15
f 15 16 17
f 16 18 19
f 17 16 19
f 18 16 15
f 19 20 21
f 22 21 20
f 20 19 22
f 23 24 21
f 25 26 27
f 26 28 27
f 29 25 30
f 30 31 29
f 29 31 25
f 32 33 31
f 34 33 32
f 31 33 34
f 34 35 36
f 37 38 39
f 39 38 40
f 40 38 37
f 41 42 43
f 41 44 45
f 46 44 47
f 47 44 48
f 47 48 46
f 49 27 50
f 50 28 49
f 51 52 53
f 52 54 55
f 54 56 55
f 57 58 56
f 59 60 61
f 59 61 62
f 63 64 62
f 65 66 67
f 68 67 66
f 69 70 71
f 72 73 74
f 75 76 73
f 75 77 76
f 78 79 80
f 81 82 83
f 81 83 79
f 83 84 85
f 85 84 86
f 86 84 83
f 87 88 89
f 90 91 92
f 93 94 92
f 95 96 97
f 91 93 92
f 98 99 100
f 101 87 102
f 88 87 103
f 103 104 105
f 106 107 108
f 109 110 111
f 112 113 114
f 115 116 117
f 118 119 120
f 119 121 122
f 104 123 105
f 124 125 104
f 123 126 127
f 125 128 123
f 126 129 130
f 131 132 133
f 128 134 135
f 131 136 132
f 126 135 137
f 138 139 140
f 108 107 141
f 142 143 144
f 145 146 147
f 148 149 150
f 151 152 153
f 137 154 155
f 155 156 157
f 158 159 61
f 160 161 162
f 138 163 164
f 164 163 165
f 138 166 167
f 92 96 168
f 169 170 171
f 172 173 174
f 175 173 172
f 167 176 177
f 140 176 167
f 178 179 176
f 176 179 177
f 180 181 182
f 183 184 185
f 183 186 187
f 187 188 183
f 189 188 187
f 160 190 191
f 167 190 160
f 160 191 192
f 193 194 195
f 183 196 197
f 198 196 183
f 199 200 201
f 199 202 200
f 201 200 203
f 204 205 101
f 133 206 131
f 207 206 208
f 207 209 210
f 210 211 212
f 213 214 215
f 216 217 218
f 217 219 220
f 220 221 222
f 220 223 218
f 224 225 226
f 223 227 218
f 224 228 225
f 229 230 231
f 231 230 152
f 232 233 231
f 234 233 232
f 235 234 232
f 236 237 238
f 238 237 235
f 239 236 238
f 226 240 239
f 222 241 220
f 134 242 135
f 144 143 243
f 244 245 198
f 198 245 197
f 197 245 244
f 246 247 187
f 248 249 250
f 251 53 56
f 244 252 193
f 253 252 244
f 191 195 254
f 192 191 254
f 253 255 193
f 194 255 253
f 253 256 257
f 182 258 180
f 95 259 98
f 260 261 181
f 262 263 180
f 98 100 264
f 260 265 180
f 260 266 267
f 268 269 270
f 270 269 263
f 100 271 272
f 273 274 260
f 165 168 164
f 264 100 272
f 99 17 19
f 264 272 164
f 161 168 165
f 260 275 276
f 276 275 267
f 268 277 267
f 199 278 271
f 197 193 279
f 279 184 183
f 280 199 281
f 171 199 201
f 282 283 169
f 280 284 199
f 195 194 285
f 193 197 244
f 187 186 185
f 171 170 199
f 170 286 281
f 170 287 263
f 281 286 263
f 281 288 262
f 271 278 284
f 169 289 287
f 290 291 169
f 267 277 276
f 292 293 294
f 294 293 289
f 268 293 292
f 291 295 169
f 291 296 295
f 297 298 169
f 290 298 299
f 299 300 290
f 301 302 303
f 304 305 306
f 303 248 250
f 306 307 250
f 304 308 301
f 309 310 301
f 303 307 306
f 301 305 304
f 311 312 313
f 314 202 18
f 315 309 301
f 301 310 159
f 316 310 309
f 303 302 159
f 317 251 62
f 56 53 52
f 18 22 19
f 316 309 318
f 315 319 320
f 321 322 318
f 321 323 309
f 324 325 320
f 326 327 321
f 328 327 326
f 329 330 326
f 331 330 329
f 321 332 326
f 326 333 329
f 329 334 331
f 329 335 334
f 336 337 338
f 334 339 331
f 279 340 177
f 279 341 340
f 341 342 177
f 177 342 191
f 335 343 344
f 345 346 347
f 283 339 334
f 297 348 299
f 93 259 97
f 349 249 158
f 158 249 248
f 203 200 312
f 161 160 350
f 90 161 350
f 344 351 335
f 335 351 334
f 299 351 344
f 344 352 299
f 347 353 344
f 239 238 235
f 239 235 232
f 354 231 152
f 355 213 356
f 357 358 359
f 360 361 362
f 363 364 365
f 366 367 368
f 356 213 369
f 370 214 371
f 372 373 374
f 151 375 374
f 376 377 378
f 377 379 378
f 377 380 381
f 382 383 381
f 384 385 382
f 385 384 386
f 387 388 389
f 389 388 390
f 391 392 393
f 391 394 395
f 395 394 396
f 394 397 398
f 399 400 397
f 401 402 403
f 404 405 406
f 407 408 409
f 410 411 412
f 413 405 404
f 414 415 416
f 417 418 419
f 419 420 421
f 88 422 423
f 355 424 425
f 426 427 422
f 428 429 424
f 424 430 431
f 432 433 434
f 435 436 437
f 438 439 440
f 441 442 443
f 444 445 446
f 434 447 448
f 437 449 450
f 433 451 434
f 452 445 453
f 446 445 452
f 454 455 439
f 450 456 451
f 456 457 458
f 450 459 456
f 449 460 461
f 462 463 464
f 445 465 453
f 457 466 467
f 459 468 457
f 469 470 471
f 472 473 474
f 474 469 475
f 468 462 476
f 465 477 478
f 470 479 480
f 470 480 471
f 464 481 482
f 483 484 485
f 486 487 488
f 482 489 490
f 491 482 486
f 492 493 494
f 481 495 482
f 491 486 496
f 480 479 497
f 498 499 500
f 501 502 503
f 489 493 504
f 490 505 506
f 507 508 509
f 510 511 512
f 512 511 513
f 499 514 500
f 515 516 517
f 506 518 519
f 520 500 521
f 500 514 512
f 522 523 507
f 524 503 525
f 526 527 438
f 528 529 530
f 208 101 207
f 103 531 532
f 533 534 535
f 536 537 538
f 539 519 516
f 540 541 542
f 448 543 544
f 545 448 544
f 546 547 535
f 548 511 549
f 523 550 507
f 515 551 539
f 552 553 551
f 554 536 538
f 555 516 536
f 484 517 501
f 496 486 542
f 486 488 556
f 557 496 542
f 558 559 472
f 466 560 561
f 562 563 564
f 565 562 455
f 566 567 562
f 410 568 411
f 569 411 276
f 292 570 276
f 276 570 571
f 569 572 573
f 320 332 321
f 574 575 576
f 577 578 579
f 574 576 580
f 581 582 583
f 410 584 585
f 586 587 584
f 585 587 588
f 344 343 347
f 335 345 343
f 329 337 336
f 315 589 309
f 590 591 592
f 593 53 251
f 594 349 593
f 593 251 594
f 572 595 571
f 596 597 586
f 568 598 596
f 411 568 276
f 189 596 586
f 97 96 94
f 140 178 176
f 93 97 94
f 326 599 338
f 600 599 326
f 601 347 602
f 603 604 573
f 493 523 504
f 605 493 489
f 495 605 489
f 606 459 450
f 607 608 369
f 423 422 609
f 610 611 379
f 612 383 382
f 386 613 385
f 390 388 614
f 393 614 391
f 395 615 391
f 573 616 617
f 604 616 573
f 618 148 619
f 620 621 156
f 153 375 151
f 622 623 373
f 622 624 623
f 625 626 624
f 625 627 626
f 214 370 628
f 629 630 631
f 632 363 365
f 633 634 635
f 636 637 638
f 639 640 641
f 642 639 641
f 643 397 644
f 645 646 647
f 647 648 645
f 620 649 650
f 650 651 620
f 652 653 654
f 654 649 652
f 655 656 652
f 620 651 657
f 658 659 660
f 661 662 663
f 645 648 242
f 658 664 659
f 665 666 667
f 665 667 668
f 668 661 665
f 669 670 671
f 671 672 669
f 673 674 670
f 670 669 673
f 406 675 414
f 405 676 406
f 358 677 359
f 359 678 679
f 680 681 682
f 354 425 683
f 684 685 686
f 687 688 689
f 690 691 692
f 360 692 361
f 693 694 695
f 368 696 214
f 697 172 174
f 145 698 699
f 700 701 699
f 145 701 700
f 144 700 702
f 703 704 705
f 114 706 707
f 115 708 709
f 710 711 712
f 394 713 714
f 399 715 400
f 400 715 716
f 391 717 718
f 387 719 720
f 380 377 721
f 217 722 723
f 724 725 726
f 727 728 704
f 729 730 109
f 655 652 731
f 732 110 109
f 686 685 733
f 112 681 733
f 211 734 735
f 113 212 735
f 681 736 733
f 681 707 682
f 735 737 738
f 739 738 116
f 722 706 709
f 115 709 740
f 740 116 115
f 741 742 708
f 116 743 120
f 744 118 743
f 745 746 747
f 745 721 377
f 748 721 749
f 749 119 748
f 751 752 750
f 752 753 750
f 710 754 755
f 755 756 710
f 718 757 756
f 758 759 760
f 761 724 762
f 715 763 716
f 764 765 256
f 687 766 767
f 768 769 770
f 771 772 773
f 774 775 776
f 777 778 779
f 358 780 781
f 782 783 784
f 357 785 786
f 781 787 788
f 789 782 786
f 790 791 792
f 793 794 357
f 358 795 796
f 359 797 678
f 415 414 798
f 675 799 788
f 677 676 800
f 678 801 802
f 802 803 679
f 414 416 404
f 425 730 683
f 761 718 756
f 756 804 710
f 805 715 724
f 806 730 425
f 807 808 809
f 409 607 369
f 809 808 408
f 768 810 688
f 598 811 597
f 584 410 586
f 586 410 764
f 246 274 273
f 260 274 246
f 246 261 260
f 768 812 813
f 420 778 412
f 768 813 814
f 767 777 774
f 815 816 817
f 775 818 819
f 819 818 774
f 820 417 419
f 821 817 822
f 642 815 823
f 693 776 694
f 824 776 775
f 693 695 825
f 798 418 417
f 642 823 691
f 826 694 824
f 827 692 691
f 828 693 781
f 360 829 690
f 798 830 415
f 826 831 695
f 832 833 834
f 787 835 836
f 361 692 837
f 781 832 787
f 836 835 834
f 834 835 832
f 787 836 788
f 784 838 837
f 788 839 675
f 836 839 788
f 358 840 841
f 842 843 844
f 799 845 840
f 840 845 846
f 847 848 106
f 358 841 795
f 635 634 849
f 846 850 840
f 840 850 841
f 632 792 851
f 357 790 785
f 358 796 677
f 632 365 635
f 843 413 404
f 852 847 853
f 677 854 676
f 797 855 800
f 856 857 794
f 858 859 856
f 858 860 632
f 861 862 847
f 413 423 609
f 88 423 863
f 864 801 678
f 109 865 732
f 111 729 109
f 802 679 678
f 866 867 868
f 355 425 354
f 609 869 405
f 359 679 408
f 368 367 870
f 871 527 526
f 562 564 872
f 559 485 873
f 554 547 546
f 874 553 552
f 516 875 537
f 876 877 878
f 877 547 878
f 879 467 566
f 542 541 880
f 881 802 882
f 519 875 516
f 875 876 537
f 550 548 883
f 560 491 496
f 884 885 461
f 884 461 460
f 447 458 543
f 882 869 881
f 809 803 802
f 868 886 866
f 786 785 789
f 784 783 887
f 887 783 782
f 692 888 889
f 889 888 827
f 827 888 692
f 823 890 691
f 607 807 881
f 693 825 833
f 689 810 256
f 891 892 545
f 893 443 436
f 894 435 895
f 429 432 892
f 431 526 529
f 430 896 431
f 730 897 683
f 733 736 686
f 707 898 682
f 899 900 741
f 741 900 742
f 747 746 377
f 901 902 748
f 748 902 721
f 750 753 384
f 752 712 903
f 720 719 904
f 756 757 717
f 761 905 713
f 715 906 762
f 805 727 907
f 401 704 703
f 908 728 727
f 726 909 727
f 908 909 910
f 909 911 912
f 910 909 913
f 914 915 916
f 917 912 918
f 918 912 919
f 916 920 921
f 922 923 924
f 925 926 922
f 703 705 927
f 908 705 704
f 913 928 929
f 930 931 932
f 931 933 932
f 934 935 933
f 936 916 933
f 937 938 939
f 931 919 924
f 930 918 919
f 705 908 910
f 934 940 924
f 924 940 931
f 918 941 917
f 931 942 919
f 939 938 943
f 926 944 945
f 944 946 945
f 914 947 948
f 949 947 914
f 950 951 952
f 953 954 955
f 956 957 958
f 844 959 174
f 145 147 141
f 697 960 699
f 702 961 962
f 963 964 961
f 961 965 966
f 146 967 147
f 143 968 969
f 966 970 421
f 967 971 147
f 149 972 150
f 358 799 840
f 778 772 771
f 768 688 812
f 619 973 974
f 243 975 976
f 144 243 976
f 144 977 142
f 767 774 776
f 142 977 702
f 142 978 962
f 979 962 980
f 142 962 979
f 150 981 973
f 766 773 778
f 619 150 973
f 619 982 983
f 618 619 983
f 618 983 148
f 604 984 617
f 982 984 604
f 985 986 416
f 959 987 988
f 959 988 989
f 990 991 830
f 989 991 990
f 960 992 798
f 990 992 960
f 798 992 830
f 993 994 417
f 798 417 994
f 995 996 417
f 961 964 419
f 966 965 970
f 982 997 617
f 966 998 999
f 999 998 421
f 1000 1001 1002
f 1003 1004 1000
f 1005 1006 1007
f 1005 1008 1001
f 1009 1010 1011
f 1012 1013 1014
f 1015 1016 1017
f 1018 1019 1020
f 1021 1019 1018
f 1022 1023 1019
f 1024 1025 1016
f 1026 1027 1013
f 1028 737 734
f 1029 1030 1031
f 1032 1033 1034
f 1035 1023 1022
f 592 591 1036
f 1037 1038 1039
f 1038 1040 1041
f 1042 1043 1044
f 1045 1046 1047
f 1047 1048 1045
f 1046 1049 1050
f 1051 1052 1046
f 1037 1053 1038
f 1054 1043 1042
f 1055 1056 1037
f 1043 1054 1057
f 1014 1058 1011
f 1059 1013 1027
f 1060 1061 1062
f 1030 737 1031
f 108 1060 106
f 1063 1064 1065
f 1063 1065 1066
f 1067 1068 1069
f 1070 1071 1072
f 1060 1073 1061
f 1074 1053 1056
f 1075 1056 1057
f 1054 1076 1057
f 1077 1078 76
f 250 249 1079
f 1080 1081 1082
f 1081 1083 1082
f 1083 1081 1008
f 1084 1012 1080
f 1012 1084 1082
f 1082 1084 1080
f 1012 1085 1013
f 1013 1085 1082
f 1085 1012 1082
f 1081 1080 1008
f 1086 1087 1088
f 592 1036 1089
f 1090 1060 108
f 1091 1092 1093
f 1062 1061 1091
f 1094 1082 1095
f 1094 1013 1082
f 1096 1097 1095
f 1097 1026 1094
f 1026 1097 1096
f 1097 1094 1095
f 1098 1099 1100
f 1096 1101 1026
f 1026 1101 1102
f 1102 1103 1104
f 1103 1105 1104
f 1106 1107 1105
f 1107 1104 1105
f 1108 1107 1106
f 1107 1108 1104
f 1109 1083 1110
f 1109 1082 1083
f 1111 1109 1110
f 1082 1109 1111
f 1110 1112 192
f 1113 1114 1096
f 1115 1111 1110
f 1115 1113 1111
f 254 195 1116
f 1096 1114 1102
f 1117 1105 1114
f 1106 1117 1118
f 1118 1117 1114
f 1117 1106 1105
f 1119 1120 1121
f 1122 1044 1043
f 1123 209 207
f 1044 1122 209
f 1124 211 1122
f 734 211 1028
f 1125 1126 1127
f 1125 1128 1126
f 1129 1130 1131
f 1129 1132 1130
f 222 221 1129
f 223 1133 1131
f 152 230 1134
f 225 1135 1136
f 1137 227 1131
f 227 223 1131
f 228 1135 225
f 1138 225 1136
f 228 224 1135
f 230 229 1134
f 1139 1140 229
f 1141 1142 1140
f 1143 1138 1136
f 236 1143 1142
f 1143 1136 1142
f 223 241 1133
f 241 222 1133
f 1144 1145 1118
f 1144 1118 1114
f 1144 1114 1145
f 1146 1147 1104
f 1108 1146 1104
f 313 202 1148
f 1119 1149 1120
f 1149 1148 1120
f 1150 1145 1151
f 1152 1150 1151
f 1150 1152 1145
f 195 1151 1116
f 1153 1154 1151
f 1154 1152 1151
f 1152 1155 1145
f 1156 1098 1027
f 1157 1027 1098
f 1158 1003 1010
f 1147 1159 1156
f 1011 1010 1000
f 1160 1159 1098
f 1156 1160 1098
f 1159 1160 1156
f 1161 1162 1099
f 1098 1161 1099
f 1159 1161 1098
f 1161 1159 1162
f 1163 1099 1162
f 1163 1162 1164
f 1099 1163 1164
f 1165 1166 1167
f 1164 1165 1167
f 1162 1165 1164
f 1166 1165 1162
f 1168 1120 1169
f 1011 1000 1014
f 1170 1171 1147
f 1080 1000 1002
f 1014 1000 1012
f 1172 1159 1173
f 1159 1172 1162
f 1172 1173 1162
f 1166 1174 1175
f 1174 1166 1162
f 1175 1174 1173
f 1176 1168 1169
f 1100 1177 1178
f 1151 1113 1116
f 1102 1101 1096
f 1120 1088 1121
f 1179 1180 1181
f 1182 1168 1177
f 1087 1183 1180
f 1184 1185 1177
f 1105 1103 1102
f 1102 1156 1026
f 1186 1187 1184
f 1187 1186 1185
f 285 1153 1151
f 1114 1105 1102
f 1164 1188 1184
f 1188 1186 1184
f 1187 1185 1184
f 1185 1182 1177
f 1178 1177 1168
f 1168 1176 1178
f 1164 1167 1188
f 1188 1086 1186
f 1167 1166 1188
f 1189 1086 1188
f 1166 1189 1188
f 1189 1166 1086
f 1190 1191 1087
f 1190 1087 1086
f 1174 1162 1173
f 1166 1192 1086
f 1192 1175 1193
f 1192 1193 1086
f 1192 1166 1175
f 1194 1190 1195
f 1191 1194 1195
f 1190 1194 1191
f 1196 1183 1087
f 1196 1191 1197
f 1191 1196 1087
f 1183 1196 1197
f 1195 1198 1191
f 1198 1197 1191
f 1197 1198 590
f 1198 1195 590
f 1199 1200 1201
f 1200 1202 1201
f 1202 304 306
f 1203 1201 1079
f 1079 1204 250
f 1204 306 250
f 1201 1204 1079
f 1205 1206 1077
f 1206 1207 1200
f 90 350 1008
f 1208 308 304
f 315 308 1208
f 1207 1208 304
f 1206 1200 1077
f 1207 1206 1205
f 1199 1201 1077
f 1209 313 1119
f 1209 1119 1121
f 1110 1083 1112
f 1007 91 1005
f 1210 1211 1207
f 319 1208 324
f 1212 324 1208
f 1213 1210 1214
f 1213 1211 1210
f 1212 1207 1211
f 319 315 1208
f 324 1215 600
f 1216 1217 1213
f 1218 1216 1213
f 1216 1218 1214
f 1214 1218 1213
f 1213 1217 1211
f 1217 600 1211
f 600 1217 1216
f 600 1219 1220
f 338 599 1220
f 1181 1221 1216
f 1221 1222 600
f 1221 1181 1222
f 1216 1221 600
f 1215 1211 600
f 1219 600 1222
f 600 325 324
f 1223 1222 1224
f 1224 1222 1181
f 336 1225 1226
f 1180 1227 1181
f 1223 1226 1220
f 1225 338 1220
f 1226 1225 1220
f 1183 1228 1180
f 1229 1228 1197
f 1180 1228 1229
f 1227 1224 1181
f 1229 1230 1224
f 1111 1231 1095
f 1113 1231 1111
f 1113 1115 1116
f 1197 1232 1229
f 1233 1230 1234
f 1226 1233 1235
f 1235 1236 1237
f 1237 1226 1235
f 1227 1180 1224
f 1228 1183 1197
f 46 48 42
f 1201 1203 1077
f 1200 1199 1077
f 1232 1234 1230
f 1232 1230 1229
f 1232 1197 1234
f 590 1234 1197
f 602 1235 601
f 1118 1238 1108
f 1135 1131 1130
f 1142 1239 1140
f 229 1240 1134
f 1241 1125 1240
f 1242 1243 1244
f 1245 1246 1247
f 1248 640 639
f 829 360 1249
f 630 629 1250
f 367 366 1251
f 1252 370 1253
f 1254 1255 1125
f 370 371 1256
f 624 1126 625
f 373 372 1127
f 375 1257 1127
f 1258 376 1259
f 610 1260 1261
f 378 611 1261
f 610 1262 1260
f 1262 383 612
f 1262 1263 1264
f 1265 1263 612
f 613 1266 1265
f 1267 1268 1269
f 1267 1270 1268
f 389 390 1267
f 1267 1271 1270
f 392 1271 393
f 396 1271 395
f 396 1272 1271
f 396 1273 1272
f 398 643 1272
f 1274 1275 1272
f 1276 1277 1278
f 402 1277 1276
f 1279 1280 1281
f 1282 1283 1284
f 1285 1286 1287
f 1288 1289 1290
f 1291 1021 1018
f 1241 1292 1293
f 1294 1241 1295
f 1296 1294 1295
f 1297 1298 1299
f 1300 1301 1302
f 1303 1304 1305
f 1306 1307 1308
f 1309 1310 1311
f 1312 1310 1313
f 1314 1315 1310
f 1316 1317 1318
f 1319 1320 1321
f 1307 1322 1323
f 1324 1325 1326
f 1327 1328 1314
f 1329 1327 1330
f 1331 1332 1333
f 1334 1335 1328
f 1334 1328 1327
f 1336 1317 1337
f 1338 1329 1339
f 1340 1320 1317
f 1341 1335 1334
f 1342 1334 1329
f 1343 1344 1345
f 1346 1347 1336
f 1348 1349 1350
f 1351 1352 1336
f 1347 1350 1340
f 1347 1340 1317
f 1351 1336 1353
f 1338 1345 1342
f 1346 1354 1355
f 1341 1356 1357
f 1358 1359 1360
f 1361 1362 1354
f 1363 1364 1365
f 1366 1367 1368
f 1363 1344 1369
f 1370 1371 1364
f 1372 1373 1374
f 1375 1376 1377
f 1378 1379 1380
f 1381 1382 1383
f 1384 1379 1378
f 1385 1386 1387
f 1386 1388 1387
f 1389 1390 1388
f 1379 1391 1392
f 1393 1394 1379
f 1388 1395 1396
f 1397 1398 1399
f 1318 1320 1319
f 1297 1400 1401
f 1021 1299 1402
f 207 205 1123
f 1123 205 1064
f 1403 1404 1405
f 1406 1407 1363
f 1408 1409 1410
f 1411 1343 1338
f 1412 1313 1413
f 1414 1415 1416
f 1417 1389 1388
f 1418 1386 1385
f 1419 1374 1420
f 1421 1422 1423
f 1422 1421 1419
f 1421 1423 1419
f 1403 1415 1414
f 1424 1415 1425
f 1426 1405 1427
f 1373 1404 1393
f 1372 1358 1395
f 1428 1360 1429
f 1363 1369 1410
f 1428 1429 1349
f 1430 1325 1321
f 1298 1431 1294
f 1432 1433 1430
f 1434 1435 1436
f 1437 1286 1285
f 1285 1438 1173
f 1438 1439 1173
f 1215 324 1211
f 1207 304 1200
f 251 1440 73
f 1441 1442 1443
f 1442 1444 1443
f 1445 1446 1195
f 591 1445 1447
f 1437 1448 1286
f 1449 1450 1451
f 1448 1449 1451
f 1449 1452 1450
f 1233 1234 1235
f 1222 1223 1220
f 1223 1224 1226
f 1212 1208 1207
f 1005 91 1008
f 73 594 251
f 249 594 1078
f 1453 314 36
f 1202 306 1201
f 1454 1439 1455
f 1454 1455 1456
f 1457 1448 1436
f 1452 1435 1450
f 314 1458 25
f 1012 1000 1080
f 1147 1146 1108
f 1026 1013 1094
f 599 600 1220
f 1376 1385 1382
f 1459 1392 1366
f 1352 1361 1346
f 1460 1461 1462
f 1463 1461 1341
f 1464 1337 1316
f 1465 1466 1254
f 1282 1284 1018
f 1025 1467 1016
f 221 1258 1129
f 1258 1259 1129
f 1261 611 610
f 381 383 1262
f 1266 386 1268
f 1468 389 1267
f 614 393 390
f 615 395 392
f 1273 398 1272
f 1469 1470 1471
f 1472 1469 1471
f 1469 1472 1470
f 1473 353 592
f 1474 1473 592
f 1475 1474 592
f 1089 1475 592
f 1476 1477 1089
f 149 1477 1476
f 1478 1479 1067
f 1480 1481 1054
f 1482 1481 1480
f 372 375 1127
f 375 153 1257
f 622 373 1126
f 373 1127 1126
f 624 622 1126
f 371 1128 1256
f 1253 1256 1251
f 870 367 1483
f 858 630 1250
f 629 870 1483
f 363 1484 1485
f 1484 1250 1485
f 1486 363 1485
f 1487 1486 1485
f 849 634 1488
f 634 633 1489
f 1490 1491 1492
f 1491 1488 1492
f 1249 362 636
f 360 362 1249
f 1493 829 1249
f 829 1493 690
f 1494 1495 642
f 1494 690 1493
f 1496 640 1248
f 402 401 1277
f 1497 1498 1499
f 1500 1501 1502
f 1497 1503 1504
f 1057 1505 1043
f 1043 1505 1506
f 1507 1508 1509
f 1509 1510 1507
f 1511 1512 1513
f 1514 1481 1482
f 1515 1516 1517
f 1517 1511 1515
f 1155 1238 1118
f 1518 1279 1289
f 1519 1280 1279
f 1495 1520 639
f 639 1521 1248
f 1522 1523 1155
f 1524 1525 1526
f 1524 1527 1528
f 1529 1527 1530
f 1531 1251 1256
f 1061 1073 1091
f 1532 1533 1070
f 1533 1532 1073
f 1533 1534 1070
f 1534 1535 1070
f 1534 1533 1535
f 1070 1535 1536
f 1535 1537 1536
f 703 1538 1277
f 1539 1540 1541
f 1542 1274 1278
f 1277 1543 1278
f 1544 1277 1538
f 1545 1546 1271
f 1547 1130 1132
f 1052 1548 758
f 1549 1550 1544
f 1504 1503 1551
f 1552 1553 1554
f 1124 1028 211
f 1555 1556 1557
f 1558 1559 1554
f 1560 1561 1539
f 1562 1032 1563
f 1034 1564 1565
f 1562 1566 1567
f 1032 1568 1569
f 1570 1568 1032
f 1571 1572 1573
f 1573 1033 1571
f 1574 1575 1264
f 1576 1577 1578
f 1579 1580 1581
f 1582 1546 1045
f 1583 1546 1582
f 1275 1584 1051
f 1584 1275 1274
f 1052 758 760
f 760 1585 1052
f 1274 1586 1584
f 1587 1238 1155
f 1588 1589 1590
f 1591 1592 1593
f 1525 1594 1595
f 1596 1597 1598
f 1525 1599 1594
f 1600 1518 1601
f 1600 1602 1518
f 1603 1604 1605
f 1606 1603 1607
f 1608 1609 1610
f 1611 1612 1613
f 1614 1045 1048
f 1546 1051 1045
f 1542 1550 1584
f 1540 1563 1541
f 1296 1613 1615
f 1587 1155 1616
f 1616 1589 1587
f 1617 1618 1619
f 1617 1619 1620
f 1457 1436 1435
f 1171 1159 1147
f 1589 1621 1587
f 1622 1623 1287
f 1622 1588 1590
f 1496 1624 770
f 1591 1623 1625
f 1626 1627 1595
f 1627 1628 1622
f 1594 1629 1595
f 1630 1521 1631
f 1591 1625 1632
f 1629 1594 1626
f 1629 1626 1595
f 1633 1525 1634
f 1631 1530 1635
f 1599 1633 1594
f 1636 1637 1529
f 1634 1638 1633
f 1638 1634 1639
f 1249 1640 1493
f 1641 1638 1639
f 1638 1641 1642
f 1642 1641 1639
f 1642 1643 1644
f 1645 1646 1647
f 1646 1645 1644
f 1646 1644 1647
f 1648 1649 1650
f 1645 1651 1518
f 1651 1601 1518
f 1651 1645 1601
f 1652 1653 1654
f 1655 1290 1025
f 1602 1600 1656
f 1518 1602 1652
f 1602 1656 1652
f 106 1657 847
f 1658 1654 1659
f 634 1489 1488
f 1653 1652 1656
f 1653 1656 1654
f 1660 1661 1662
f 847 1657 853
f 1658 1659 1662
f 1658 1662 1519
f 1662 1661 1519
f 1661 1660 1519
f 1663 1664 1665
f 1666 1667 1668
f 1290 1279 1467
f 1024 1016 1015
f 1669 1663 1665
f 1664 1663 1669
f 1605 1665 1664
f 1483 1670 1250
f 1665 1281 1280
f 1017 1282 1018
f 1604 1665 1605
f 1665 1604 1603
f 1607 1603 1605
f 1671 1609 1672
f 1671 1244 1243
f 1467 1281 1282
f 1607 1242 1673
f 367 1251 1483
f 1674 1675 1401
f 1676 1430 1320
f 1428 1349 1348
f 1677 1678 1679
f 1680 1681 1682
f 1358 1423 1407
f 1404 1414 1394
f 1677 1424 1425
f 1426 1425 1403
f 1683 1413 1684
f 1373 1420 1374
f 1685 1686 1687
f 1688 1687 1375
f 1603 1689 1281
f 1391 1377 1381
f 1690 1375 1377
f 1691 1692 1367
f 1357 1331 1335
f 1335 1331 1322
f 1330 1312 1412
f 1323 1331 1693
f 1684 1313 1309
f 1618 1300 1689
f 1281 1689 1283
f 1242 1244 1673
f 1673 1617 1620
f 1620 1607 1673
f 1619 1606 1607
f 1606 1619 1603
f 1531 1694 1695
f 1695 1610 1531
f 1608 1672 1609
f 1672 1608 1610
f 1670 1671 1668
f 1666 1668 1696
f 1667 1666 1696
f 1597 1596 1697
f 1697 1596 1598
f 4 3 1458
f 1698 1649 1699
f 1699 1648 1650
f 1649 1648 1699
f 1700 1640 1701
f 1529 1637 1520
f 1520 1637 1636
f 1702 1703 1704
f 1705 1466 1618
f 1706 1707 1616
f 1708 1709 1301
f 1156 1027 1026
f 1523 1616 1155
f 1710 1306 1308
f 1711 1684 1712
f 1713 1311 1714
f 1714 1311 1715
f 1552 1611 1716
f 1612 1611 1552
f 1611 1613 1716
f 1558 1554 1553
f 1559 1558 1553
f 1717 1718 1719
f 1720 1717 1719
f 1721 1561 1560
f 1539 1561 1721
f 1567 1566 1547
f 1566 1562 1540
f 1566 1540 1547
f 1570 1722 1568
f 1570 1032 1722
f 1264 1575 1569
f 1575 1574 1569
f 1577 1723 1048
f 1577 1576 1263
f 1576 1578 1263
f 1724 1614 1723
f 1725 1580 1579
f 1581 1580 1725
f 1546 1583 1726
f 1583 1582 1726
f 1727 1728 1545
f 1275 1727 1545
f 1728 1727 1275
f 1586 1542 1584
f 1542 1586 1274
f 1729 1730 1550
f 1731 1729 1550
f 1731 1732 1729
f 1733 1734 1735
f 1736 1737 1733
f 925 1738 1734
f 1739 1734 1737
f 1737 1740 1739
f 1741 920 1742
f 1743 925 1739
f 1740 1744 1739
f 1745 925 1743
f 1746 1747 1744
f 1748 1749 1745
f 703 927 1538
f 1750 1751 927
f 1736 1752 1750
f 1753 1754 1750
f 1753 1755 1756
f 1741 1744 1753
f 1746 1744 1741
f 1740 1757 1755
f 1736 1754 1737
f 1752 1758 1759
f 1751 1760 1538
f 1731 1538 1732
f 1755 1757 1756
f 1757 1740 1756
f 1760 1732 1538
f 1760 1751 1732
f 1736 1758 1752
f 1758 1736 1759
f 1754 1761 1737
f 1762 1761 1754
f 1761 1762 1737
f 1763 1747 1746
f 1747 1763 1741
f 1764 926 1749
f 1765 1749 1748
f 1764 1765 1748
f 1765 1764 1749
f 1766 1764 1742
f 948 1766 1742
f 1767 1766 948
f 1766 1767 1768
f 1764 1766 1768
f 955 954 1769
f 954 953 1769
f 957 956 1770
f 958 957 1770
f 1745 926 925
f 1062 1091 1771
f 1771 1772 1655
f 1060 1062 1771
f 1290 1655 1773
f 1070 1774 1071
f 967 1535 1533
f 1532 1070 1073
f 1288 1775 1776
f 1774 1777 1778
f 1777 1774 1779
f 1780 1781 1782
f 972 149 1476
f 981 150 1476
f 968 1783 1784
f 1785 1090 108
f 1786 147 1787
f 1787 971 967
f 967 1788 976
f 969 1789 1790
f 1784 1789 969
f 1593 1782 1791
f 1782 1792 1791
f 1785 141 1090
f 1090 1786 1787
f 141 1786 1090
f 146 1788 967
f 1790 975 243
f 243 1793 1790
f 1793 143 1790
f 1790 1794 969
f 143 1794 1790
f 969 1795 1784
f 1795 968 1784
f 1783 974 1067
f 1784 1783 1067
f 150 972 1476
f 1616 1707 1526
f 1067 1796 973
f 975 1790 976
f 1536 1781 1779
f 1790 1797 976
f 1537 1797 1536
f 1798 1536 1797
f 1798 1797 1799
f 1536 1798 1799
f 1799 1789 1800
f 1799 1797 1789
f 1800 1789 1069
f 1588 1622 1589
f 1801 1802 1471
f 1476 1067 973
f 1479 1478 1036
f 1803 1472 1471
f 1803 1804 1472
f 1804 1803 1471
f 1773 1772 1805
f 1806 1805 1093
f 1805 1806 1288
f 1772 1093 1805
f 1775 1093 1092
f 1776 1775 1092
f 1092 1072 1807
f 1092 1807 1776
f 1808 1071 1778
f 1807 1808 1778
f 1071 1809 1778
f 1809 1774 1778
f 1592 1777 1779
f 1810 1781 1592
f 1781 1780 1592
f 1592 1780 1593
f 1780 1782 1593
f 1802 1804 1471
f 1804 1802 1801
f 1792 1782 1811
f 1792 1811 1791
f 1791 1811 1812
f 1801 1812 1804
f 981 1476 973
f 591 590 1195
f 603 295 352
f 1440 82 79
f 65 68 1813
f 1813 282 201
f 201 66 65
f 65 1813 201
f 1814 1815 594
f 266 180 263
f 263 267 266
f 17 9 11
f 49 28 3
f 1 3 4
f 5 7 1458
f 5 1458 6
f 9 13 12
f 11 1816 14
f 1816 15 14
f 23 22 24
f 23 21 22
f 24 1817 1818
f 24 1818 1819
f 1818 1817 1819
f 1820 1821 258
f 258 139 1820
f 49 3 1822
f 25 28 26
f 37 36 35
f 34 37 35
f 1823 39 40
f 42 1823 1824
f 1823 40 1824
f 1823 42 39
f 1824 43 42
f 1824 41 43
f 45 44 46
f 45 46 41
f 50 27 28
f 27 49 1825
f 1826 349 53
f 593 349 1826
f 53 1827 51
f 51 1827 52
f 55 56 52
f 57 56 1828
f 57 1828 58
f 1829 58 61
f 1829 61 60
f 60 58 1829
f 62 60 59
f 63 1813 64
f 63 62 1813
f 1830 64 1813
f 1830 1813 68
f 68 64 1830
f 68 65 67
f 1814 1831 1815
f 1815 1831 594
f 69 71 1814
f 69 1814 70
f 1832 74 71
f 1833 74 1832
f 1833 1832 71
f 72 74 1833
f 72 1833 73
f 75 73 77
f 1834 76 77
f 80 1834 1440
f 76 1834 80
f 1834 77 1440
f 78 1440 79
f 78 80 1440
f 81 79 82
f 1157 1100 1058
f 1058 1059 1157
f 139 272 1820
f 10 6 1458
f 1458 13 10
f 1059 1058 1014
f 168 161 90
f 413 1835 863
f 863 423 413
f 1007 1158 259
f 264 168 96
f 861 89 862
f 769 641 1496
f 95 264 96
f 96 92 94
f 98 1822 99
f 164 272 138
f 1835 862 89
f 89 863 1835
f 105 865 531
f 531 103 105
f 101 208 104
f 532 88 103
f 844 107 106
f 106 848 844
f 739 113 735
f 735 738 739
f 140 182 178
f 844 843 985
f 208 124 104
f 865 105 732
f 110 1836 111
f 113 1836 212
f 1030 1837 738
f 738 737 1030
f 114 113 739
f 735 734 737
f 738 1837 116
f 119 749 1838
f 1838 120 119
f 1837 1030 1565
f 127 732 105
f 105 123 127
f 1839 110 732
f 732 127 1839
f 1839 1840 1836
f 1836 110 1839
f 1840 1841 212
f 212 1836 1840
f 1842 1840 1839
f 1839 130 1842
f 210 212 1841
f 130 1839 127
f 127 126 130
f 1842 1843 1841
f 1841 1840 1842
f 104 125 123
f 128 125 124
f 124 1844 128
f 134 128 1844
f 1844 1845 134
f 1844 124 133
f 133 132 1844
f 130 129 1842
f 126 123 128
f 1846 724 761
f 761 756 755
f 761 755 1846
f 1845 1844 132
f 132 136 1845
f 725 758 1548
f 1847 1848 1849
f 1849 999 1847
f 126 128 135
f 155 157 1843
f 1843 1842 155
f 137 155 129
f 129 126 137
f 1842 129 155
f 131 1850 136
f 98 259 1822
f 49 1851 1825
f 271 100 99
f 99 21 271
f 95 98 264
f 99 19 21
f 1821 262 180
f 180 258 1821
f 258 182 140
f 140 139 258
f 172 145 107
f 107 175 172
f 272 139 138
f 1820 262 1821
f 174 959 989
f 966 980 962
f 962 961 966
f 204 102 861
f 861 852 204
f 212 211 735
f 102 204 101
f 1848 619 143
f 143 1849 1848
f 142 979 143
f 976 146 145
f 145 144 976
f 145 700 144
f 960 697 174
f 174 990 960
f 963 702 699
f 699 1852 963
f 699 960 993
f 699 995 1852
f 202 199 1819
f 1819 1817 202
f 21 1819 271
f 21 24 1819
f 24 22 1817
f 974 968 143
f 143 619 974
f 1819 199 271
f 145 172 697
f 62 61 282
f 282 1813 62
f 155 154 156
f 136 1850 621
f 1440 251 317
f 317 82 1440
f 54 52 158
f 61 58 1828
f 1828 56 54
f 54 158 61
f 54 61 1828
f 322 328 282
f 282 61 322
f 158 52 1827
f 1827 53 349
f 158 1827 349
f 192 1853 350
f 350 160 192
f 61 159 316
f 328 331 282
f 1474 1089 1854
f 1854 353 1474
f 165 167 162
f 167 160 162
f 161 165 162
f 138 167 163
f 167 165 163
f 138 140 166
f 140 167 166
f 206 133 124
f 124 208 206
f 107 145 141
f 174 989 990
f 175 174 173
f 279 177 179
f 178 279 179
f 279 178 184
f 178 185 184
f 183 185 186
f 198 183 188
f 189 198 188
f 177 191 190
f 167 177 190
f 279 183 197
f 198 197 196
f 852 853 204
f 374 213 354
f 354 151 374
f 206 207 210
f 354 152 151
f 1139 229 231
f 231 233 1139
f 213 374 623
f 213 623 626
f 354 684 239
f 684 680 239
f 218 1137 224
f 1137 218 227
f 1138 226 225
f 240 226 1138
f 1138 1143 240
f 234 235 237
f 240 1143 236
f 236 239 240
f 652 154 137
f 137 731 652
f 223 220 241
f 731 137 135
f 135 242 731
f 285 194 253
f 253 257 285
f 189 187 247
f 202 313 200
f 312 200 313
f 253 193 252
f 194 193 255
f 189 256 244
f 244 198 189
f 169 171 201
f 201 282 169
f 253 244 256
f 246 187 261
f 1820 284 262
f 271 284 1820
f 272 271 1820
f 1822 259 1158
f 181 180 265
f 260 181 265
f 260 180 266
f 267 263 269
f 268 267 269
f 99 9 17
f 260 276 273
f 260 267 275
f 268 292 277
f 292 276 277
f 178 182 185
f 282 331 283
f 294 289 169
f 169 295 294
f 279 193 341
f 341 193 195
f 280 262 284
f 281 262 280
f 281 199 170
f 169 283 297
f 281 263 288
f 263 262 288
f 185 181 187
f 170 263 286
f 270 263 287
f 199 284 278
f 287 170 169
f 270 287 268
f 268 287 289
f 268 289 293
f 203 1209 82
f 82 317 203
f 290 295 296
f 291 290 296
f 290 169 298
f 297 299 298
f 295 290 300
f 299 352 300
f 352 295 300
f 301 303 305
f 303 306 305
f 159 158 248
f 303 250 307
f 61 316 318
f 62 251 60
f 316 159 310
f 320 321 309
f 309 589 320
f 1209 203 311
f 315 301 308
f 56 58 251
f 22 18 1817
f 99 1822 7
f 7 6 99
f 61 318 322
f 318 309 323
f 315 320 589
f 321 318 323
f 346 345 336
f 336 1236 346
f 324 320 319
f 320 326 332
f 328 321 327
f 322 321 328
f 326 338 333
f 331 328 330
f 328 326 330
f 326 320 325
f 600 326 325
f 283 331 339
f 336 338 1225
f 297 283 348
f 334 299 348
f 283 334 348
f 341 177 340
f 341 195 342
f 195 191 342
f 299 334 351
f 345 347 343
f 1235 346 1236
f 347 346 1235
f 224 226 680
f 680 216 224
f 62 68 317
f 60 251 58
f 303 159 248
f 301 159 302
f 92 168 90
f 201 317 66
f 66 317 68
f 220 219 221
f 218 217 220
f 224 216 218
f 239 232 231
f 231 354 239
f 239 680 226
f 89 861 102
f 102 87 89
f 369 213 215
f 355 354 213
f 358 357 780
f 766 687 689
f 377 376 221
f 221 219 377
f 370 1252 628
f 213 626 214
f 623 624 626
f 1855 528 531
f 531 865 1855
f 379 377 381
f 610 379 381
f 381 384 382
f 381 380 384
f 612 382 385
f 1269 387 389
f 1269 903 387
f 388 387 391
f 392 391 615
f 394 398 1273
f 398 397 643
f 394 399 397
f 397 400 403
f 403 400 401
f 413 609 405
f 421 420 411
f 422 88 532
f 532 426 422
f 532 530 426
f 1856 356 369
f 369 608 1856
f 869 609 422
f 355 428 424
f 1856 428 355
f 355 356 1856
f 529 528 1855
f 1855 431 529
f 806 425 424
f 1857 608 607
f 607 881 1857
f 426 530 427
f 1857 869 893
f 1858 893 869
f 869 422 1858
f 1859 429 428
f 428 1856 1859
f 894 1859 1856
f 1856 608 894
f 444 1860 1861
f 1861 438 444
f 424 429 891
f 1861 526 438
f 896 544 1862
f 893 894 608
f 608 1857 893
f 440 445 444
f 444 438 440
f 432 895 433
f 892 432 434
f 892 434 448
f 1863 1862 544
f 544 1864 1863
f 452 1865 442
f 442 441 452
f 460 449 437
f 437 436 460
f 442 1865 884
f 434 451 447
f 433 450 451
f 439 455 872
f 562 565 879
f 879 566 562
f 440 439 872
f 879 565 1866
f 1866 543 879
f 453 1867 1865
f 1865 452 453
f 458 447 451
f 451 456 458
f 606 450 449
f 449 461 606
f 464 491 560
f 560 476 464
f 458 457 467
f 884 1865 1867
f 461 1868 606
f 456 459 457
f 1869 885 477
f 477 1870 1869
f 465 445 440
f 440 475 465
f 1871 567 566
f 566 1872 1871
f 459 462 468
f 580 577 478
f 478 1867 580
f 475 440 872
f 872 474 475
f 478 885 884
f 884 1867 478
f 457 468 466
f 558 472 561
f 561 1873 558
f 476 462 464
f 470 469 474
f 474 1874 470
f 471 1870 477
f 477 465 471
f 1868 461 885
f 561 472 563
f 563 1872 561
f 564 472 474
f 471 465 475
f 475 469 471
f 476 560 466
f 466 468 476
f 885 478 477
f 479 470 1874
f 1874 525 479
f 559 558 1873
f 1873 540 559
f 495 481 464
f 464 463 495
f 491 464 482
f 480 1875 1870
f 1870 471 480
f 497 479 525
f 525 503 497
f 1870 1875 1869
f 1876 494 605
f 503 524 485
f 485 501 503
f 1869 494 1876
f 1876 1868 1869
f 498 520 1875
f 1875 480 498
f 480 497 498
f 494 493 605
f 482 495 489
f 490 487 486
f 486 482 490
f 483 485 559
f 559 540 483
f 494 1869 492
f 873 485 524
f 499 497 503
f 503 502 499
f 506 1877 488
f 488 487 506
f 484 515 517
f 498 497 499
f 487 490 506
f 504 505 490
f 490 489 504
f 883 508 507
f 507 550 883
f 520 498 500
f 875 509 876
f 1877 506 519
f 514 499 502
f 502 1878 514
f 554 546 534
f 1878 502 501
f 501 1879 1878
f 548 521 513
f 513 511 548
f 522 518 506
f 506 505 522
f 505 504 522
f 523 493 492
f 492 1880 523
f 500 512 513
f 507 875 519
f 519 518 507
f 522 504 523
f 1881 549 511
f 511 510 1881
f 521 500 513
f 518 522 507
f 534 533 1881
f 1881 510 534
f 525 1874 473
f 473 873 525
f 873 524 525
f 454 439 438
f 438 527 454
f 474 473 1874
f 872 564 474
f 528 530 532
f 532 531 528
f 874 556 539
f 539 551 874
f 101 205 207
f 103 87 104
f 101 104 87
f 535 534 546
f 510 514 1878
f 1878 534 510
f 467 466 561
f 879 458 467
f 543 458 879
f 538 537 878
f 536 516 537
f 514 510 512
f 534 1878 1879
f 1879 554 534
f 552 551 515
f 515 484 552
f 875 507 509
f 541 540 1873
f 1873 1882 541
f 874 551 553
f 1882 880 541
f 880 1882 557
f 557 542 880
f 547 554 538
f 538 878 547
f 537 876 878
f 1877 539 556
f 556 488 1877
f 517 516 555
f 539 1877 519
f 496 557 561
f 561 560 496
f 485 484 501
f 564 563 472
f 565 455 1883
f 1883 1866 565
f 1866 1883 871
f 871 1862 1866
f 1855 865 806
f 806 424 1855
f 896 1862 871
f 1855 424 431
f 1884 563 562
f 562 567 1884
f 567 1871 1884
f 1884 1871 1872
f 1872 563 1884
f 1885 1866 1862
f 1862 1863 1885
f 543 1866 1885
f 1885 1864 544
f 544 543 1885
f 596 273 276
f 276 568 596
f 1863 1864 1885
f 764 189 586
f 523 1880 550
f 583 573 292
f 292 294 583
f 570 292 573
f 573 572 570
f 569 276 571
f 575 578 577
f 577 576 575
f 311 203 312
f 93 1007 259
f 294 581 583
f 294 295 581
f 603 583 582
f 582 581 295
f 295 603 582
f 574 580 1867
f 1867 453 574
f 579 574 453
f 453 465 579
f 579 465 478
f 478 577 579
f 575 574 579
f 579 578 575
f 811 598 585
f 585 588 811
f 577 580 576
f 568 585 598
f 587 586 597
f 597 811 587
f 568 410 585
f 345 335 329
f 329 336 345
f 585 584 587
f 587 811 588
f 604 603 148
f 344 353 352
f 329 338 337
f 338 329 333
f 91 1007 93
f 18 202 1817
f 1458 314 18
f 18 13 1458
f 349 594 249
f 495 463 1876
f 1876 605 495
f 317 201 203
f 569 571 595
f 569 595 572
f 570 572 571
f 189 246 596
f 168 264 164
f 246 189 247
f 1235 602 347
f 353 347 601
f 583 603 573
f 573 617 569
f 569 617 411
f 404 416 986
f 462 459 606
f 606 1868 462
f 1876 463 462
f 462 1868 1876
f 446 452 441
f 441 444 446
f 433 437 450
f 437 433 895
f 895 435 437
f 1089 149 148
f 148 1854 1089
f 441 1860 444
f 422 427 1858
f 353 1854 148
f 148 603 353
f 1886 1269 389
f 389 1887 1886
f 221 376 1258
f 378 379 611
f 604 148 983
f 983 982 604
f 391 614 388
f 396 394 1273
f 620 645 136
f 136 621 620
f 604 617 616
f 1474 353 1473
f 1089 1474 1475
f 149 1089 1477
f 619 148 150
f 1845 136 645
f 645 242 134
f 134 1845 645
f 649 156 154
f 154 652 649
f 156 649 620
f 366 368 214
f 214 628 366
f 372 374 375
f 374 373 623
f 371 214 627
f 626 627 214
f 1252 366 628
f 1490 637 849
f 849 1888 1490
f 858 631 630
f 870 629 631
f 363 860 1889
f 363 632 860
f 633 635 365
f 1490 638 637
f 636 361 637
f 636 362 361
f 690 1494 642
f 1496 641 640
f 403 644 397
f 1276 403 402
f 648 1890 1891
f 1891 1892 648
f 663 242 648
f 648 1892 663
f 648 647 1893
f 731 242 663
f 663 655 731
f 656 658 1894
f 1894 653 652
f 1894 652 656
f 649 654 650
f 656 1895 658
f 663 1892 661
f 156 621 1850
f 1850 157 156
f 665 661 1892
f 210 209 211
f 1850 131 1843
f 1843 157 1850
f 1841 131 206
f 206 210 1841
f 131 1841 1843
f 1896 1897 1898
f 1898 660 1896
f 1899 1895 656
f 656 655 1899
f 1896 665 1892
f 1892 1900 1897
f 1892 1897 1896
f 1899 655 660
f 660 659 1899
f 672 655 663
f 663 669 672
f 1901 673 1896
f 1896 660 1901
f 669 663 1896
f 1896 673 669
f 672 1901 660
f 660 655 672
f 663 662 1902
f 1902 1903 1896
f 1902 1896 663
f 665 1896 1903
f 1903 666 665
f 1899 659 1904
f 1904 1905 1895
f 1904 1895 1899
f 683 685 684
f 684 354 683
f 1901 672 671
f 671 1906 1901
f 673 1901 1906
f 1906 674 673
f 256 189 764
f 414 834 833
f 882 802 864
f 405 882 800
f 406 1907 841
f 881 809 802
f 686 681 680
f 680 684 686
f 1908 407 215
f 215 1909 1908
f 867 793 407
f 407 868 867
f 814 687 822
f 822 816 814
f 828 889 827
f 837 887 637
f 637 361 837
f 780 782 784
f 782 849 637
f 637 887 782
f 767 693 821
f 821 822 767
f 642 641 815
f 257 256 810
f 822 817 816
f 1910 821 828
f 828 827 1910
f 693 767 776
f 821 1910 817
f 792 632 635
f 635 789 792
f 866 368 870
f 870 1911 866
f 851 859 858
f 858 632 851
f 789 635 849
f 849 782 789
f 215 214 696
f 696 1909 215
f 631 858 856
f 707 681 112
f 112 114 707
f 145 697 698
f 145 699 701
f 699 702 700
f 685 1912 112
f 112 733 685
f 897 729 1912
f 1912 685 897
f 708 115 117
f 117 741 708
f 718 713 394
f 394 391 718
f 1838 747 1913
f 805 763 715
f 761 713 718
f 749 721 745
f 399 394 714
f 401 400 716
f 401 716 704
f 720 717 391
f 391 387 720
f 903 384 752
f 711 719 387
f 387 903 711
f 747 377 219
f 219 1913 747
f 721 901 384
f 384 380 721
f 219 899 1913
f 682 706 216
f 216 680 682
f 219 742 899
f 722 217 216
f 216 706 722
f 217 723 742
f 113 112 111
f 111 1836 113
f 219 217 742
f 805 724 726
f 805 907 763
f 729 897 730
f 709 706 114
f 114 740 709
f 706 682 898
f 740 114 739
f 739 116 740
f 708 742 723
f 723 709 708
f 722 709 1914
f 1913 899 117
f 117 1838 1913
f 117 899 741
f 743 1837 1565
f 1565 744 743
f 120 1838 117
f 117 116 120
f 745 747 1838
f 1838 749 745
f 116 1837 743
f 384 901 748
f 748 750 384
f 743 118 120
f 118 1915 1916
f 119 118 1916
f 1916 121 119
f 901 721 902
f 756 717 720
f 720 804 756
f 711 903 1917
f 710 804 711
f 804 719 711
f 778 777 767
f 767 766 778
f 714 761 762
f 762 399 714
f 724 1918 1919
f 1919 725 724
f 399 762 906
f 687 813 812
f 777 420 1920
f 1920 819 777
f 823 815 817
f 817 1910 823
f 788 799 358
f 358 781 788
f 1910 827 691
f 828 837 889
f 826 418 414
f 414 825 826
f 780 828 781
f 794 859 851
f 856 867 1911
f 866 1911 867
f 407 409 369
f 369 215 407
f 414 836 834
f 415 988 416
f 414 675 836
f 406 414 404
f 799 675 845
f 765 1921 689
f 689 256 765
f 724 715 762
f 109 806 865
f 806 109 730
f 868 407 1908
f 689 1922 810
f 1921 773 766
f 766 689 1921
f 596 598 597
f 1921 764 412
f 412 771 1921
f 246 273 596
f 764 410 412
f 187 181 261
f 771 773 1921
f 97 259 95
f 257 768 1522
f 814 816 769
f 769 768 814
f 1923 1847 421
f 411 420 412
f 778 773 772
f 420 779 778
f 419 1920 420
f 816 815 641
f 641 769 816
f 822 687 767
f 819 774 777
f 419 421 970
f 687 814 813
f 775 774 818
f 420 777 779
f 775 1920 418
f 418 824 775
f 419 418 1920
f 824 694 776
f 833 832 781
f 781 693 833
f 798 414 418
f 828 821 693
f 690 642 691
f 418 826 824
f 826 695 694
f 360 690 692
f 837 828 780
f 780 784 837
f 826 825 831
f 825 695 831
f 414 833 825
f 837 692 889
f 787 832 835
f 782 780 357
f 357 786 782
f 836 675 839
f 846 841 850
f 792 789 785
f 785 790 792
f 985 843 986
f 406 846 675
f 848 842 844
f 675 846 845
f 1907 795 841
f 406 841 846
f 986 843 404
f 677 796 854
f 842 1835 413
f 413 843 842
f 406 676 1907
f 848 862 1835
f 1835 842 848
f 678 797 800
f 800 864 678
f 847 862 848
f 1907 796 795
f 1907 676 796
f 796 676 854
f 851 790 357
f 357 794 851
f 359 677 797
f 405 800 676
f 793 357 359
f 852 861 847
f 797 677 855
f 677 800 855
f 856 1911 870
f 870 631 856
f 856 794 867
f 1883 454 527
f 527 871 1883
f 793 867 794
f 882 864 800
f 405 869 882
f 89 88 863
f 864 802 801
f 111 112 1912
f 111 1912 729
f 873 473 472
f 472 559 873
f 455 562 872
f 454 1883 455
f 1879 501 517
f 517 555 1879
f 536 554 1879
f 1879 555 536
f 874 552 484
f 484 556 874
f 1873 557 1882
f 548 550 1880
f 1880 521 548
f 877 876 535
f 535 547 877
f 1872 566 467
f 467 561 1872
f 424 891 430
f 896 545 544
f 556 484 483
f 483 486 556
f 561 557 1873
f 483 540 542
f 542 486 483
f 535 876 509
f 509 533 535
f 515 539 516
f 533 509 508
f 508 1881 533
f 1881 508 883
f 883 549 1881
f 1880 492 520
f 520 521 1880
f 884 460 436
f 436 442 884
f 1869 1875 492
f 1875 520 492
f 885 1869 1868
f 448 447 543
f 359 408 407
f 407 793 359
f 436 443 442
f 545 892 448
f 881 869 1857
f 883 548 549
f 409 408 808
f 807 409 808
f 679 809 408
f 809 679 803
f 696 1908 1909
f 1908 696 866
f 368 866 696
f 1908 866 886
f 868 1908 886
f 856 859 857
f 859 794 857
f 790 851 791
f 851 792 791
f 887 837 838
f 784 887 838
f 1910 691 890
f 823 1910 890
f 607 409 807
f 443 893 1858
f 1858 441 443
f 689 688 1922
f 688 810 1922
f 436 435 894
f 894 893 436
f 764 1921 765
f 182 181 185
f 768 257 810
f 545 896 430
f 430 891 545
f 1860 441 1858
f 1858 427 1860
f 431 871 526
f 895 432 1859
f 1859 894 895
f 431 896 871
f 891 429 892
f 1860 427 530
f 530 1861 1860
f 429 1859 432
f 1861 530 529
f 529 526 1861
f 903 1269 386
f 386 384 903
f 685 683 897
f 681 686 736
f 706 898 707
f 723 722 1914
f 709 723 1914
f 899 742 900
f 745 377 746
f 752 751 754
f 754 710 752
f 752 384 753
f 752 710 712
f 704 716 907
f 907 727 704
f 903 712 1917
f 712 711 1917
f 804 720 904
f 804 904 719
f 718 717 757
f 714 713 905
f 761 714 905
f 715 399 906
f 763 907 716
f 726 727 805
f 911 725 1548
f 1548 1735 911
f 908 704 728
f 911 909 726
f 726 725 911
f 908 727 909
f 912 917 913
f 913 909 912
f 1735 1738 911
f 955 932 933
f 933 953 955
f 932 955 950
f 924 912 1738
f 1738 922 924
f 911 1738 912
f 933 958 953
f 919 912 924
f 933 956 958
f 956 933 916
f 916 921 956
f 1738 925 922
f 923 936 934
f 934 924 923
f 943 923 922
f 922 926 943
f 936 923 943
f 1924 705 929
f 929 1925 1924
f 1925 929 1926
f 1926 1927 1925
f 914 916 1928
f 1928 944 914
f 1768 944 926
f 1928 926 945
f 1926 1929 1927
f 705 913 929
f 929 928 1926
f 928 918 1926
f 918 930 932
f 918 932 1926
f 931 934 933
f 935 936 933
f 936 937 916
f 943 937 936
f 936 935 934
f 928 917 941
f 917 928 913
f 913 705 910
f 934 931 940
f 918 928 941
f 930 919 942
f 931 930 942
f 937 943 938
f 1929 1926 932
f 932 952 1929
f 932 950 952
f 926 1928 939
f 939 943 926
f 1928 945 946
f 944 1928 946
f 944 949 914
f 948 947 1767
f 949 1768 947
f 944 1768 949
f 927 705 1924
f 937 939 1928
f 937 1928 916
f 820 1852 995
f 995 417 820
f 916 915 920
f 914 948 915
f 175 844 174
f 844 985 959
f 107 844 175
f 959 985 416
f 989 988 1930
f 995 993 996
f 699 993 995
f 990 830 992
f 415 830 991
f 988 415 1930
f 697 699 698
f 993 960 994
f 999 1849 980
f 980 966 999
f 243 143 1793
f 146 976 1788
f 143 979 1849
f 1923 421 411
f 411 617 1923
f 966 421 998
f 108 141 1785
f 141 147 1786
f 1787 147 971
f 143 969 1794
f 969 968 1795
f 968 974 1783
f 1067 974 1796
f 412 778 771
f 619 1848 1847
f 1847 982 619
f 687 812 688
f 820 419 963
f 963 1852 820
f 974 973 1796
f 702 963 961
f 144 702 977
f 142 702 978
f 702 962 978
f 980 1849 979
f 1923 617 997
f 1920 775 819
f 982 617 984
f 416 988 987
f 959 416 987
f 415 989 1930
f 989 415 991
f 960 798 994
f 417 996 993
f 1467 1282 1017
f 1017 1016 1467
f 963 419 964
f 961 419 965
f 419 970 965
f 982 1923 997
f 421 1847 999
f 1923 982 1847
f 31 34 36
f 1017 1018 1020
f 1007 1006 1931
f 1005 1004 1006
f 1009 1851 1010
f 1064 1063 1020
f 1020 1019 1064
f 769 1496 770
f 1023 1123 1064
f 1064 1019 1023
f 1655 1025 1024
f 1024 1771 1655
f 1402 1296 1022
f 1035 1932 1123
f 1123 1023 1035
f 1933 1022 1296
f 1296 1615 1933
f 1934 1935 1555
f 1555 1557 1934
f 1936 1935 1934
f 1557 1556 1028
f 1028 1124 1557
f 1555 1937 1556
f 1028 1556 1029
f 1029 1031 1028
f 1029 1556 1937
f 1937 1541 1029
f 1565 1030 1029
f 1029 1034 1565
f 1034 1029 1541
f 1541 1563 1034
f 1022 1933 1938
f 1938 1035 1022
f 1034 1033 1564
f 1574 1578 1571
f 1933 1934 1939
f 1939 1938 1933
f 1939 1934 1557
f 1557 1940 1939
f 1940 1557 1124
f 1124 1506 1940
f 1939 1940 1055
f 1055 1039 1939
f 1932 1035 1041
f 1035 1938 1038
f 1038 1041 1035
f 1938 1939 1039
f 1039 1038 1938
f 1055 1940 1506
f 1506 1505 1055
f 1040 1941 1932
f 1932 1041 1040
f 1941 1040 1942
f 1942 1480 1941
f 1941 1042 1044
f 1044 1932 1941
f 1055 1037 1039
f 1042 1941 1480
f 1480 1054 1042
f 1045 1051 1046
f 1046 1052 1585
f 1585 1049 1046
f 1584 1550 1052
f 1943 1040 1038
f 1038 1053 1943
f 1812 1811 1069
f 1069 1068 1812
f 1040 1943 1942
f 1056 1055 1505
f 1505 1057 1056
f 1037 1056 1053
f 1851 1158 1010
f 1824 1011 1169
f 1169 44 1824
f 1000 1010 1003
f 1453 48 314
f 44 41 1824
f 1782 1781 1799
f 1799 1800 1782
f 1098 1100 1157
f 1157 1059 1027
f 1059 1014 1013
f 1537 1535 967
f 967 1797 1537
f 1028 1031 737
f 853 1657 1066
f 1072 1092 1091
f 1091 1073 1072
f 976 1797 967
f 1942 1482 1480
f 1779 1774 1070
f 1070 1536 1779
f 314 48 1148
f 1148 202 314
f 1148 48 44
f 44 1120 1148
f 152 1134 1257
f 1257 153 152
f 1169 1120 44
f 1943 1482 1942
f 1075 1074 1056
f 1057 1076 1075
f 1814 71 1078
f 1078 1831 1814
f 74 73 76
f 1078 71 74
f 74 76 1078
f 1066 1065 204
f 204 853 1066
f 1078 1077 1203
f 1179 1216 1214
f 1205 1077 76
f 1179 1181 1216
f 350 1853 1112
f 1001 1004 1005
f 1088 1185 1086
f 1113 1944 1231
f 1082 1111 1095
f 1000 1004 1001
f 1065 1064 205
f 205 204 1065
f 1127 1257 1240
f 1240 1125 1127
f 1044 1123 1932
f 1044 209 1123
f 1257 1134 1240
f 1131 1135 224
f 224 1137 1131
f 1129 1260 1132
f 234 1140 1139
f 1139 233 234
f 1141 1140 234
f 234 237 1141
f 236 1142 1141
f 1141 237 236
f 1053 1074 1504
f 1504 1551 1053
f 1790 1789 1797
f 1943 1053 1551
f 1551 1482 1943
f 1155 1152 1153
f 1153 257 1155
f 1119 313 1149
f 1110 254 1116
f 192 254 1110
f 1853 192 1112
f 1152 1154 1153
f 285 257 1153
f 1145 1155 1118
f 1184 1177 1100
f 1100 1099 1184
f 1118 1108 1106
f 1169 1058 1100
f 1100 1178 1169
f 34 1009 1824
f 1824 40 34
f 1011 1058 1169
f 1108 1170 1147
f 1159 1171 1170
f 1008 1080 1002
f 1824 1009 1011
f 1168 1182 1185
f 1185 1120 1168
f 1170 1173 1159
f 1087 1179 1121
f 1121 1088 1087
f 1179 1087 1180
f 1120 1185 1088
f 195 285 1151
f 1151 1145 1113
f 1113 1145 1114
f 1086 1185 1186
f 1099 1164 1184
f 1102 1104 1156
f 1169 1178 1176
f 1193 1190 1086
f 1193 1195 1190
f 1210 1205 76
f 73 1440 77
f 1008 1002 1001
f 1453 36 37
f 39 42 1453
f 37 39 1453
f 76 1179 1214
f 1214 1210 76
f 1833 71 70
f 1833 70 1814
f 1203 1079 1078
f 1078 594 1831
f 1209 1121 82
f 48 1453 42
f 1112 1083 350
f 1096 1095 1231
f 1231 1944 1096
f 1205 1210 1207
f 1180 1229 1224
f 336 1226 1237
f 1237 1236 336
f 1096 1944 1113
f 1116 1115 1110
f 86 83 82
f 82 1121 86
f 31 1009 32
f 1009 34 32
f 1007 1931 1158
f 1851 1009 30
f 1009 31 30
f 1235 1234 592
f 592 601 1235
f 1008 350 1083
f 1945 1136 1135
f 1135 1130 1945
f 1133 222 1129
f 1133 1129 1131
f 1239 1142 1136
f 1136 1945 1239
f 1239 1240 229
f 229 1140 1239
f 1256 1128 1125
f 1125 1255 1256
f 1293 1254 1125
f 1241 1293 1125
f 1484 1889 860
f 1261 1259 376
f 376 378 1261
f 1129 1259 1260
f 1259 1261 1260
f 1267 390 393
f 393 1271 1267
f 610 381 1262
f 1260 1262 1264
f 612 1263 1262
f 612 385 1265
f 1545 1271 1272
f 1272 1275 1545
f 392 395 1271
f 1274 643 403
f 403 1278 1274
f 1272 643 1274
f 1296 1402 1299
f 1299 1298 1296
f 403 1276 1278
f 1282 1281 1283
f 1467 1279 1281
f 1285 1623 1791
f 1018 1284 1946
f 1946 1291 1018
f 1291 1299 1021
f 1302 1283 1689
f 1689 1300 1302
f 1947 1254 1293
f 1293 1292 1947
f 1946 1284 1283
f 1283 1302 1946
f 1291 1946 1709
f 1709 1948 1291
f 1294 1292 1241
f 1947 1465 1254
f 1297 1401 1298
f 1299 1291 1948
f 1948 1949 1299
f 1300 1618 1466
f 1466 1465 1300
f 1709 1946 1302
f 1302 1301 1709
f 1715 1947 1292
f 1292 1714 1715
f 1713 1292 1294
f 1294 1712 1713
f 1710 1465 1947
f 1947 1715 1710
f 1292 1713 1714
f 1400 1297 1305
f 1305 1304 1400
f 1294 1431 1711
f 1301 1300 1465
f 1465 1308 1301
f 1950 1413 1683
f 1401 1400 1674
f 1951 1306 1311
f 1311 1315 1951
f 1311 1310 1315
f 1306 1951 1307
f 1323 1693 1308
f 1308 1307 1323
f 1313 1310 1309
f 1413 1950 1952
f 1952 1953 1413
f 1304 1954 1318
f 1319 1400 1304
f 1304 1318 1319
f 1321 1674 1400
f 1400 1319 1321
f 1954 1304 1303
f 1303 1316 1954
f 1708 1316 1709
f 1464 1316 1708
f 1708 1333 1464
f 1333 1708 1693
f 1693 1331 1333
f 1951 1315 1314
f 1314 1328 1951
f 1312 1314 1310
f 1322 1307 1951
f 1951 1328 1322
f 1337 1464 1333
f 1333 1332 1337
f 1316 1337 1317
f 1318 1317 1320
f 1430 1433 1325
f 1314 1312 1330
f 1330 1327 1314
f 1954 1316 1318
f 1955 1956 1433
f 1433 1432 1955
f 1328 1335 1322
f 1339 1329 1330
f 1329 1334 1327
f 1342 1463 1334
f 1341 1461 1356
f 1443 1332 1353
f 1353 1957 1443
f 1345 1344 1462
f 1353 1332 1331
f 1331 1357 1353
f 1340 1350 1320
f 1338 1342 1329
f 1411 1349 1429
f 1429 1682 1411
f 1346 1355 1347
f 1350 1347 1355
f 1355 1958 1350
f 1411 1956 1676
f 1676 1349 1411
f 1335 1341 1357
f 1350 1349 1676
f 1351 1353 1357
f 1357 1356 1351
f 1336 1347 1317
f 1338 1343 1345
f 1342 1345 1462
f 1958 1355 1354
f 1354 1399 1958
f 1342 1462 1463
f 1959 1462 1344
f 1344 1365 1959
f 1429 1409 1682
f 1462 1959 1460
f 1351 1960 1352
f 1351 1356 1367
f 1367 1960 1351
f 1399 1354 1362
f 1362 1397 1399
f 1961 1368 1461
f 1360 1398 1397
f 1397 1395 1360
f 1367 1356 1461
f 1461 1368 1367
f 1361 1352 1960
f 1960 1692 1361
f 1961 1366 1368
f 1363 1370 1364
f 1959 1962 1460
f 1962 1959 1365
f 1365 1364 1962
f 1359 1409 1429
f 1429 1360 1359
f 1344 1363 1365
f 1346 1361 1354
f 1398 1360 1428
f 1397 1362 1963
f 1963 1396 1397
f 1963 1362 1361
f 1361 1383 1963
f 1372 1374 1358
f 1459 1460 1962
f 1962 1380 1459
f 1378 1962 1364
f 1364 1384 1378
f 1364 1371 1384
f 1383 1361 1692
f 1692 1381 1383
f 1962 1378 1380
f 1678 1389 1964
f 1964 1679 1678
f 1366 1691 1367
f 1414 1416 1685
f 1386 1418 1376
f 1376 1417 1386
f 1387 1963 1383
f 1383 1385 1387
f 1396 1963 1387
f 1387 1388 1396
f 1392 1459 1380
f 1380 1379 1392
f 1388 1390 1395
f 1379 1384 1371
f 1371 1393 1379
f 1691 1366 1392
f 1392 1391 1691
f 1376 1375 1687
f 1687 1417 1376
f 1379 1394 1391
f 1381 1377 1382
f 1348 1958 1399
f 1399 1428 1348
f 1417 1964 1389
f 1396 1395 1397
f 1399 1398 1428
f 1019 1021 1402
f 1402 1022 1019
f 1958 1348 1350
f 1350 1676 1320
f 1949 1297 1299
f 1964 1417 1687
f 1687 1686 1964
f 1679 1964 1686
f 1686 1965 1679
f 1420 1407 1422
f 1422 1419 1420
f 1373 1405 1404
f 1679 1965 1424
f 1424 1677 1679
f 1406 1363 1410
f 1411 1338 1339
f 1684 1413 1313
f 1711 1712 1294
f 1403 1425 1415
f 1688 1391 1394
f 1394 1685 1688
f 1376 1418 1385
f 1386 1417 1388
f 1389 1678 1390
f 1423 1358 1374
f 1374 1419 1423
f 1394 1414 1685
f 1377 1376 1382
f 1407 1423 1422
f 1680 1682 1409
f 1409 1408 1680
f 1408 1410 1681
f 1681 1680 1408
f 1426 1678 1677
f 1677 1425 1426
f 1393 1371 1420
f 1420 1373 1393
f 1403 1414 1404
f 1427 1373 1372
f 1427 1405 1373
f 1371 1370 1407
f 1407 1420 1371
f 1325 1324 1966
f 1966 1321 1325
f 1363 1407 1370
f 1395 1358 1360
f 1681 1410 1369
f 1343 1681 1369
f 1324 1950 1675
f 1675 1966 1324
f 1430 1676 1967
f 1967 1432 1430
f 1298 1294 1296
f 1432 1967 1955
f 1967 1676 1956
f 1956 1955 1967
f 1968 1324 1326
f 1326 1969 1968
f 1950 1324 1968
f 1968 1952 1950
f 1969 1326 1413
f 1413 1953 1969
f 1436 1437 1173
f 1173 1170 1436
f 1968 1969 1952
f 1953 1952 1969
f 1391 1688 1690
f 1436 1170 1108
f 1108 1434 1436
f 1434 1108 1238
f 1238 1450 1434
f 1447 1193 1175
f 1175 1470 1447
f 1175 1173 1456
f 1456 1455 1175
f 1438 1470 1455
f 1455 1439 1438
f 1173 1439 1456
f 1444 1337 1332
f 1332 1443 1444
f 1470 1175 1455
f 1204 1201 306
f 1202 1200 304
f 313 1209 311
f 1447 1445 1193
f 1193 1445 1195
f 1195 1446 591
f 1970 1336 1337
f 1337 1444 1970
f 1353 1336 1970
f 1970 1957 1353
f 1970 1444 1442
f 1442 1441 1970
f 25 31 36
f 36 314 25
f 1970 1441 1957
f 1957 1441 1443
f 1446 1445 591
f 1286 1448 1451
f 1452 1457 1435
f 1448 1452 1449
f 1036 591 1472
f 590 592 1234
f 1230 1233 1226
f 1224 1230 1226
f 1219 1222 1220
f 1212 1211 324
f 1472 591 1447
f 1447 1470 1472
f 73 1833 594
f 594 1833 1814
f 1079 249 1078
f 1149 313 1148
f 1439 1454 1456
f 1457 1452 1448
f 1436 1448 1437
f 1285 1173 1437
f 1434 1450 1435
f 1004 1931 1006
f 1003 1931 1004
f 592 353 601
f 90 1008 91
f 1961 1460 1459
f 1459 1366 1961
f 1438 1471 1470
f 1285 1471 1438
f 1591 1777 1592
f 1383 1382 1385
f 1478 1476 1089
f 1089 1036 1478
f 1460 1961 1461
f 1352 1346 1336
f 1463 1341 1334
f 1463 1462 1461
f 1709 1316 1303
f 1465 1710 1308
f 1267 1269 1886
f 1886 1468 1267
f 1266 613 386
f 1265 1266 1268
f 385 613 1265
f 1886 1887 1468
f 1472 1804 1479
f 1479 1036 1472
f 1468 1887 389
f 1971 1076 1054
f 1054 1481 1971
f 1476 1478 1067
f 1074 1075 1972
f 1972 1504 1074
f 625 1128 371
f 371 627 625
f 1128 625 1126
f 1253 1251 366
f 366 1252 1253
f 858 1250 1484
f 1484 860 858
f 1256 1253 370
f 1250 629 1483
f 363 1889 1484
f 1486 1487 365
f 365 364 1486
f 1487 1489 633
f 633 365 1487
f 1486 364 363
f 849 1488 1491
f 1491 1888 849
f 1490 1888 1491
f 636 638 1492
f 1492 638 1490
f 642 1495 639
f 1495 1494 1493
f 643 644 403
f 1973 1971 1481
f 1481 1514 1974
f 1481 1974 1973
f 1500 1502 1514
f 1514 1482 1500
f 1971 1973 1975
f 1975 1972 1971
f 1500 1482 1551
f 1551 1503 1500
f 1497 1504 1976
f 1976 1977 1498
f 1976 1498 1497
f 1501 1507 1978
f 1978 1979 1502
f 1978 1502 1501
f 1980 1498 1977
f 1977 1981 1980
f 1972 1075 1076
f 1076 1971 1972
f 1506 1124 1122
f 1122 1043 1506
f 211 209 1122
f 1510 1980 1981
f 1981 1982 1510
f 1983 1503 1497
f 1497 1499 1983
f 1507 1510 1982
f 1982 1978 1507
f 1984 1980 1503
f 1503 1983 1985
f 1503 1985 1984
f 1980 1984 1986
f 1986 1498 1980
f 1513 1500 1503
f 1503 1511 1513
f 1515 1980 1510
f 1510 1512 1515
f 1513 1512 1510
f 1510 1500 1513
f 1511 1503 1980
f 1980 1515 1511
f 1987 1988 1500
f 1500 1510 1509
f 1500 1509 1987
f 1500 1988 1501
f 1512 1989 1516
f 1516 1515 1512
f 1990 1991 1501
f 1501 1988 1987
f 1501 1987 1990
f 1991 1992 1993
f 1993 1507 1501
f 1991 1993 1501
f 1507 1993 1508
f 1618 1689 1603
f 1603 1619 1618
f 257 1522 1155
f 1642 1644 1289
f 1665 1603 1281
f 1280 1669 1665
f 1654 1658 1279
f 1552 1239 1945
f 1945 1553 1552
f 1664 1660 1242
f 1242 1607 1605
f 1528 1647 1644
f 352 353 603
f 1945 1719 1559
f 1240 1716 1994
f 1716 1240 1239
f 1239 1552 1716
f 1255 1244 1695
f 1695 1694 1255
f 1945 1559 1553
f 1668 1671 1243
f 1243 1247 1597
f 1597 1697 1243
f 1635 1707 1624
f 1624 1630 1635
f 1671 1672 1244
f 1706 1703 1707
f 1700 1701 1527
f 1650 636 1492
f 1492 1699 1650
f 1649 1995 1246
f 1492 1488 1995
f 1995 1699 1492
f 1493 1640 1529
f 1530 1524 1526
f 1526 1635 1530
f 1630 1631 1635
f 1489 1487 1598
f 1598 1996 1489
f 1521 1636 1530
f 1524 1639 1634
f 1483 1251 1609
f 1609 1670 1483
f 1488 1489 1997
f 1997 1995 1488
f 1485 1696 1697
f 1531 1256 1255
f 1255 1694 1531
f 1250 1670 1667
f 1610 1609 1251
f 1719 1937 1555
f 1555 1559 1719
f 1240 1994 1295
f 1555 1935 1552
f 1552 1554 1555
f 1935 1936 1612
f 1612 1552 1935
f 1718 1541 1937
f 1937 1719 1718
f 1577 1263 1270
f 1270 1724 1577
f 1728 1275 1051
f 1542 1998 1550
f 1725 1582 1045
f 1546 1545 1051
f 1278 1543 1542
f 1544 1543 1277
f 1271 1546 1726
f 1579 1270 1271
f 1271 1726 1579
f 1132 1260 1722
f 1722 1567 1132
f 1270 1581 1724
f 1270 1579 1581
f 1260 1264 1568
f 1568 1722 1260
f 1719 1945 1130
f 1130 1720 1719
f 1263 1574 1264
f 1567 1547 1132
f 1936 1615 1613
f 1613 1612 1936
f 1547 1721 1130
f 1560 1720 1130
f 1130 1721 1560
f 1550 1730 1052
f 1934 1933 1615
f 1615 1936 1934
f 1560 1539 1718
f 1718 1720 1560
f 1555 1554 1559
f 1718 1539 1541
f 1540 1539 1721
f 1721 1547 1540
f 1915 118 744
f 744 1564 1999
f 744 1999 1915
f 1540 1562 1563
f 1564 744 1565
f 1563 1032 1034
f 1567 1032 1562
f 1032 1567 1722
f 1571 1033 1569
f 1569 1574 1571
f 1032 1569 1033
f 1033 1573 1999
f 1999 1564 1033
f 1264 1569 1568
f 1263 1578 1574
f 1724 1581 1725
f 1725 1614 1724
f 1614 1725 1045
f 1582 1725 1579
f 1579 1726 1582
f 1625 1623 1627
f 1627 1626 1625
f 1545 1728 1051
f 1051 1584 1052
f 1542 1543 1998
f 1702 1704 1707
f 1587 1621 1238
f 1601 1528 1245
f 1245 1600 1601
f 1520 1636 1521
f 1701 1650 1527
f 1289 1632 1638
f 1638 1642 1289
f 1245 1528 1246
f 1528 1527 1246
f 1247 1997 1996
f 1528 1601 1647
f 1696 1668 1243
f 1245 1662 1659
f 1671 1670 1609
f 1242 1605 1664
f 1664 1669 1519
f 1519 1660 1664
f 1288 1778 1632
f 1644 1645 1289
f 1645 1518 1289
f 1290 1289 1279
f 1244 1255 1254
f 1254 1673 1244
f 1613 1295 1994
f 1994 1716 1613
f 1244 1672 1610
f 1610 1695 1244
f 1723 1614 1048
f 1296 1295 1613
f 1673 1254 1466
f 1522 1706 1523
f 1523 1706 1616
f 1451 1450 1286
f 1450 1238 1286
f 1630 1496 1248
f 1248 1521 1630
f 1287 1286 1238
f 1147 1156 1104
f 1287 1238 1589
f 1703 1702 1707
f 770 1704 1703
f 1791 1812 1801
f 1287 1623 1285
f 1622 1628 1623
f 770 1624 1704
f 1526 1627 1622
f 1591 1791 1623
f 1496 1630 1624
f 1526 1707 1635
f 1791 1591 1593
f 1526 1595 1627
f 1704 1624 1707
f 1628 1627 1623
f 1632 1625 1594
f 1594 1633 1632
f 1591 1778 1777
f 1631 1521 1530
f 1520 1495 1493
f 1493 1529 1520
f 639 1520 1521
f 1524 1634 1525
f 1633 1599 1525
f 1778 1591 1632
f 1636 1529 1530
f 1524 1530 1527
f 1776 1807 1778
f 1778 1288 1776
f 1524 1642 1639
f 1633 1638 1632
f 1640 1700 1529
f 1288 1632 1289
f 1529 1700 1527
f 1528 1644 1643
f 1640 1249 636
f 636 1650 1640
f 1290 1805 1288
f 1701 1640 1650
f 1246 1527 1650
f 1650 1649 1246
f 1647 1601 1645
f 1290 1773 1805
f 1247 1246 1995
f 1995 1997 1247
f 1771 1024 1657
f 1657 1060 1771
f 1245 1654 1656
f 1518 1652 1279
f 106 1060 1657
f 1243 1242 1245
f 1245 1247 1243
f 1489 1996 1997
f 1245 1659 1654
f 1652 1654 1279
f 1598 1597 1996
f 1598 1487 1485
f 1485 1697 1598
f 1662 1245 1242
f 1242 1660 1662
f 1247 1996 1597
f 1696 1485 1250
f 1250 1667 1696
f 1658 1519 1279
f 1025 1290 1467
f 1697 1696 1243
f 1024 1015 1066
f 1066 1657 1024
f 1519 1669 1280
f 1015 1020 1063
f 1063 1066 1015
f 1667 1670 1668
f 1020 1015 1017
f 1966 1675 1674
f 1674 1321 1966
f 1240 1295 1241
f 1298 1401 1431
f 1372 1395 1390
f 1390 1427 1372
f 1320 1430 1321
f 1390 1678 1426
f 1426 1427 1390
f 1965 1416 1415
f 1415 1424 1965
f 1391 1690 1377
f 1412 1326 1325
f 1325 1330 1412
f 1326 1412 1413
f 1339 1330 1325
f 1325 1433 1339
f 1339 1433 1956
f 1956 1411 1339
f 1343 1411 1682
f 1682 1681 1343
f 1407 1406 1359
f 1359 1358 1407
f 1410 1409 1359
f 1359 1406 1410
f 1965 1686 1685
f 1685 1416 1965
f 1405 1426 1403
f 1692 1691 1391
f 1391 1381 1692
f 1688 1685 1687
f 1690 1688 1375
f 1393 1404 1394
f 1706 1522 1703
f 1367 1692 1960
f 1343 1369 1344
f 1412 1312 1313
f 1323 1322 1331
f 1618 1617 1705
f 1705 1617 1673
f 1620 1619 1607
f 1531 1610 1251
f 1995 1698 1699
f 1649 1698 1995
f 1705 1673 1466
f 1003 1158 1931
f 27 1825 1851
f 1642 1524 1528
f 1528 1643 1642
f 1311 1713 1712
f 1712 1309 1311
f 1616 1590 1589
f 1621 1589 1238
f 1693 1301 1308
f 1712 1684 1309
f 1711 1683 1684
f 1401 1675 1431
f 1675 1950 1431
f 1301 1693 1708
f 1306 1710 1715
f 1715 1311 1306
f 1948 1709 1303
f 1303 1305 1948
f 1711 1431 1950
f 1950 1683 1711
f 1949 1948 1305
f 1305 1297 1949
f 1270 1263 1265
f 1265 1268 1270
f 1718 1717 1720
f 1577 1724 1723
f 1998 1543 1544
f 1544 1550 1998
f 386 1269 1268
f 1735 1548 1730
f 1730 1729 1735
f 1052 1730 1548
f 1538 1731 1544
f 401 703 1277
f 1550 1549 1731
f 1731 1549 1544
f 1741 1753 1770
f 1770 920 1741
f 1729 1733 1735
f 1729 1732 1733
f 1734 1738 1735
f 1759 1733 1732
f 1759 1736 1733
f 951 1769 1753
f 1737 1734 1733
f 1769 953 1753
f 953 1770 1753
f 1739 925 1734
f 1750 927 1925
f 1925 1927 1750
f 1739 1744 1743
f 1743 1744 1745
f 1924 1925 927
f 1744 1747 1745
f 1755 2000 1744
f 1744 1740 1755
f 926 1764 1768
f 1927 1929 1750
f 1745 1749 926
f 927 1751 1538
f 1750 1752 1751
f 1754 1736 1750
f 1753 1762 1754
f 1753 1756 1762
f 1753 2000 1755
f 1753 1744 2000
f 1762 1756 1740
f 1740 1737 1762
f 1751 1752 1759
f 1759 1732 1751
f 1753 1750 1929
f 1929 952 1753
f 1741 1763 1746
f 1742 1764 1748
f 952 951 1753
f 950 955 1769
f 1769 951 950
f 1767 947 1768
f 956 921 920
f 920 1770 956
f 958 1770 953
f 1747 1741 1742
f 1742 1748 1747
f 1093 1772 1771
f 1771 1091 1093
f 1747 1748 1745
f 920 915 1742
f 915 948 1742
f 1533 1073 1060
f 1060 967 1533
f 1773 1655 1772
f 1060 1090 1787
f 1787 967 1060
f 1073 1070 1072
f 1811 1782 1800
f 1800 1069 1811
f 1536 1799 1781
f 1784 1067 1789
f 1789 1067 1069
f 1801 1471 1285
f 1285 1791 1801
f 1245 1656 1600
f 1812 1068 2001
f 2001 1804 1812
f 1067 2001 1068
f 1590 1616 1526
f 1526 1525 1595
f 1522 768 770
f 1526 1622 1590
f 1589 1622 1287
f 1626 1594 1625
f 1067 1479 2001
f 2001 1479 1804
f 1288 1806 1093
f 1093 1775 1288
f 1071 1808 1072
f 1072 1808 1807
f 1774 1809 1071
f 1779 1810 1592
f 1781 1810 1779
f 809 881 807
f 1826 53 593
f 76 80 1179
f 68 62 64
f 1179 80 79
f 30 25 27
f 27 1851 30
f 85 86 1121
f 1179 79 83
f 85 1121 1179
f 85 1179 83
f 1822 1158 1851
f 41 46 42
f 34 40 37
f 13 9 10
f 6 9 99
f 11 15 17
f 1851 49 1822
f 28 25 1458
f 2 4 1458
f 1822 3 2
f 2 1458 7
f 2 7 1822
f 18 15 1816
f 1816 11 13
f 13 18 1816
f 28 1458 3
f 1905 664 658
f 658 1895 1905
f 1891 1900 1892
f 1979 2002 1502
f 1981 1977 1976
f 1976 2003 1975
f 1975 1973 1974
f 1974 2004 2002
f 1979 1978 1982
f 1974 2002 1979
f 1976 1975 1974
f 1982 1981 1976
f 1974 1979 1982
f 1976 1974 1982
f 1050 1049 1585
f 1585 760 759
f 759 1919 1918
f 1918 1846 755
f 755 754 751
f 122 121 1916
f 1916 1915 1999
f 1999 1573 1572
f 1572 2005 1048
f 1048 1047 1050
f 1050 1585 759
f 759 1918 755
f 751 122 1916
f 759 755 751
f 1048 1050 759
f 1916 1999 1572
f 759 751 1916
f 1572 1048 759
f 759 1916 1572
f 1905 1904 659
f 659 664 1905
f 653 1894 1898
f 1898 1897 1900
f 1900 1891 1890
f 1890 1893 647
f 647 646 657
f 651 650 654
f 647 657 651
f 1900 1890 647
f 653 1898 1900
f 651 654 653
f 1900 647 651
f 1900 651 653
f 666 1903 1902
f 1902 668 667
f 1902 667 666
f 1984 1985 2006
f 2006 2007 2008
f 1986 1984 2006
f 2006 2008 1986
f 1990 1987 1509
f 1508 1993 1992
f 1990 1509 1508
f 1508 1992 1990
f 1989 1517 1516
f 674 1906 671
f 671 670 674
f 1050 1047 1046
f 1898 1894 658
f 658 660 1898
f 1499 2007 2006
f 2006 1985 1983
f 2006 1983 1499
f 2008 2007 1499
f 1499 1498 2008
f 1919 759 758
f 758 725 1919
f 119 122 751
f 751 750 748
f 751 748 119
f 1986 2008 1498
f 1517 1989 1512
f 1512 1511 1517
f 2003 1976 1504
f 1504 1972 2003
f 2004 1974 1514
f 657 646 645
f 645 620 657
f 1893 1890 648
f 2002 2004 1514
f 1514 1502 2002
f 668 1902 662
f 662 661 668
f 1975 2003 1972
f 1846 1918 724
f 1990 1992 1991
f 1577 1048 2005
f 2005 1571 1578
f 2005 1578 1577
f 2005 1572 1571
f 1703 1522 770
